-- ============================================================
-- B1 演示数据 seed（幂等，可重复运行 / 可回滚）
-- 生成器: server/db/demo/gen_seed_demo.py  (勿手改本文件)
-- ID 段: [3000000000, 3000999999]  回滚见文件末尾 ROLLBACK 段
-- ============================================================
SET NAMES utf8mb4;
START TRANSACTION;

-- 清理旧的 seed（按 ID 段），保证可重复运行
DELETE FROM ai_analysis_detail WHERE id BETWEEN 3000000000 AND 3000999999;
DELETE FROM score_record       WHERE id BETWEEN 3000000000 AND 3000999999;
DELETE FROM teacher_review     WHERE id BETWEEN 3000000000 AND 3000999999;
DELETE FROM ai_analysis        WHERE id BETWEEN 3000000000 AND 3000999999;
DELETE FROM submission         WHERE id BETWEEN 3000000000 AND 3000999999;
DELETE FROM course_student     WHERE id BETWEEN 3000000000 AND 3000999999;
DELETE FROM user_role          WHERE id BETWEEN 3000000000 AND 3000999999;
DELETE FROM user               WHERE id BETWEEN 3000000000 AND 3000999999;

-- 30 名学生 + 角色 + 选课
INSERT INTO user (id,username,password,real_name,email,phone,status,deleted,create_time) VALUES (3000000001,'2024010001','$2a$10$CGI8hIN7VTgtS6fTSDWJTu6RQenkhJOTp5YxDOokGo3aMSBRfbwva','王浩然','stu001@b1.edu.cn','13900000001',1,0,NOW());
INSERT INTO user (id,username,password,real_name,email,phone,status,deleted,create_time) VALUES (3000000002,'2024010002','$2a$10$CGI8hIN7VTgtS6fTSDWJTu6RQenkhJOTp5YxDOokGo3aMSBRfbwva','李思远','stu002@b1.edu.cn','13900000002',1,0,NOW());
INSERT INTO user (id,username,password,real_name,email,phone,status,deleted,create_time) VALUES (3000000003,'2024010003','$2a$10$CGI8hIN7VTgtS6fTSDWJTu6RQenkhJOTp5YxDOokGo3aMSBRfbwva','张梦琪','stu003@b1.edu.cn','13900000003',1,0,NOW());
INSERT INTO user (id,username,password,real_name,email,phone,status,deleted,create_time) VALUES (3000000004,'2024010004','$2a$10$CGI8hIN7VTgtS6fTSDWJTu6RQenkhJOTp5YxDOokGo3aMSBRfbwva','刘子墨','stu004@b1.edu.cn','13900000004',1,0,NOW());
INSERT INTO user (id,username,password,real_name,email,phone,status,deleted,create_time) VALUES (3000000005,'2024010005','$2a$10$CGI8hIN7VTgtS6fTSDWJTu6RQenkhJOTp5YxDOokGo3aMSBRfbwva','陈嘉懿','stu005@b1.edu.cn','13900000005',1,0,NOW());
INSERT INTO user (id,username,password,real_name,email,phone,status,deleted,create_time) VALUES (3000000006,'2024010006','$2a$10$CGI8hIN7VTgtS6fTSDWJTu6RQenkhJOTp5YxDOokGo3aMSBRfbwva','杨雨桐','stu006@b1.edu.cn','13900000006',1,0,NOW());
INSERT INTO user (id,username,password,real_name,email,phone,status,deleted,create_time) VALUES (3000000007,'2024010007','$2a$10$CGI8hIN7VTgtS6fTSDWJTu6RQenkhJOTp5YxDOokGo3aMSBRfbwva','赵梓涵','stu007@b1.edu.cn','13900000007',1,0,NOW());
INSERT INTO user (id,username,password,real_name,email,phone,status,deleted,create_time) VALUES (3000000008,'2024010008','$2a$10$CGI8hIN7VTgtS6fTSDWJTu6RQenkhJOTp5YxDOokGo3aMSBRfbwva','黄俊杰','stu008@b1.edu.cn','13900000008',1,0,NOW());
INSERT INTO user (id,username,password,real_name,email,phone,status,deleted,create_time) VALUES (3000000009,'2024010009','$2a$10$CGI8hIN7VTgtS6fTSDWJTu6RQenkhJOTp5YxDOokGo3aMSBRfbwva','周欣妍','stu009@b1.edu.cn','13900000009',1,0,NOW());
INSERT INTO user (id,username,password,real_name,email,phone,status,deleted,create_time) VALUES (3000000010,'2024010010','$2a$10$CGI8hIN7VTgtS6fTSDWJTu6RQenkhJOTp5YxDOokGo3aMSBRfbwva','吴宇轩','stu010@b1.edu.cn','13900000010',1,0,NOW());
INSERT INTO user (id,username,password,real_name,email,phone,status,deleted,create_time) VALUES (3000000011,'2024010011','$2a$10$CGI8hIN7VTgtS6fTSDWJTu6RQenkhJOTp5YxDOokGo3aMSBRfbwva','徐若曦','stu011@b1.edu.cn','13900000011',1,0,NOW());
INSERT INTO user (id,username,password,real_name,email,phone,status,deleted,create_time) VALUES (3000000012,'2024010012','$2a$10$CGI8hIN7VTgtS6fTSDWJTu6RQenkhJOTp5YxDOokGo3aMSBRfbwva','孙铭泽','stu012@b1.edu.cn','13900000012',1,0,NOW());
INSERT INTO user (id,username,password,real_name,email,phone,status,deleted,create_time) VALUES (3000000013,'2024010013','$2a$10$CGI8hIN7VTgtS6fTSDWJTu6RQenkhJOTp5YxDOokGo3aMSBRfbwva','胡佳宁','stu013@b1.edu.cn','13900000013',1,0,NOW());
INSERT INTO user (id,username,password,real_name,email,phone,status,deleted,create_time) VALUES (3000000014,'2024010014','$2a$10$CGI8hIN7VTgtS6fTSDWJTu6RQenkhJOTp5YxDOokGo3aMSBRfbwva','朱瑞霖','stu014@b1.edu.cn','13900000014',1,0,NOW());
INSERT INTO user (id,username,password,real_name,email,phone,status,deleted,create_time) VALUES (3000000015,'2024010015','$2a$10$CGI8hIN7VTgtS6fTSDWJTu6RQenkhJOTp5YxDOokGo3aMSBRfbwva','高晨曦','stu015@b1.edu.cn','13900000015',1,0,NOW());
INSERT INTO user (id,username,password,real_name,email,phone,status,deleted,create_time) VALUES (3000000016,'2024010016','$2a$10$CGI8hIN7VTgtS6fTSDWJTu6RQenkhJOTp5YxDOokGo3aMSBRfbwva','林书瑶','stu016@b1.edu.cn','13900000016',1,0,NOW());
INSERT INTO user (id,username,password,real_name,email,phone,status,deleted,create_time) VALUES (3000000017,'2024010017','$2a$10$CGI8hIN7VTgtS6fTSDWJTu6RQenkhJOTp5YxDOokGo3aMSBRfbwva','何俊熙','stu017@b1.edu.cn','13900000017',1,0,NOW());
INSERT INTO user (id,username,password,real_name,email,phone,status,deleted,create_time) VALUES (3000000018,'2024010018','$2a$10$CGI8hIN7VTgtS6fTSDWJTu6RQenkhJOTp5YxDOokGo3aMSBRfbwva','郭子恒','stu018@b1.edu.cn','13900000018',1,0,NOW());
INSERT INTO user (id,username,password,real_name,email,phone,status,deleted,create_time) VALUES (3000000019,'2024010019','$2a$10$CGI8hIN7VTgtS6fTSDWJTu6RQenkhJOTp5YxDOokGo3aMSBRfbwva','罗诗涵','stu019@b1.edu.cn','13900000019',1,0,NOW());
INSERT INTO user (id,username,password,real_name,email,phone,status,deleted,create_time) VALUES (3000000020,'2024010020','$2a$10$CGI8hIN7VTgtS6fTSDWJTu6RQenkhJOTp5YxDOokGo3aMSBRfbwva','宋昊天','stu020@b1.edu.cn','13900000020',1,0,NOW());
INSERT INTO user (id,username,password,real_name,email,phone,status,deleted,create_time) VALUES (3000000021,'2024010021','$2a$10$CGI8hIN7VTgtS6fTSDWJTu6RQenkhJOTp5YxDOokGo3aMSBRfbwva','谢雨墨','stu021@b1.edu.cn','13900000021',1,0,NOW());
INSERT INTO user (id,username,password,real_name,email,phone,status,deleted,create_time) VALUES (3000000022,'2024010022','$2a$10$CGI8hIN7VTgtS6fTSDWJTu6RQenkhJOTp5YxDOokGo3aMSBRfbwva','唐嘉悦','stu022@b1.edu.cn','13900000022',1,0,NOW());
INSERT INTO user (id,username,password,real_name,email,phone,status,deleted,create_time) VALUES (3000000023,'2024010023','$2a$10$CGI8hIN7VTgtS6fTSDWJTu6RQenkhJOTp5YxDOokGo3aMSBRfbwva','韩沐宸','stu023@b1.edu.cn','13900000023',1,0,NOW());
INSERT INTO user (id,username,password,real_name,email,phone,status,deleted,create_time) VALUES (3000000024,'2024010024','$2a$10$CGI8hIN7VTgtS6fTSDWJTu6RQenkhJOTp5YxDOokGo3aMSBRfbwva','冯艺涵','stu024@b1.edu.cn','13900000024',1,0,NOW());
INSERT INTO user (id,username,password,real_name,email,phone,status,deleted,create_time) VALUES (3000000025,'2024010025','$2a$10$CGI8hIN7VTgtS6fTSDWJTu6RQenkhJOTp5YxDOokGo3aMSBRfbwva','董浩宇','stu025@b1.edu.cn','13900000025',1,0,NOW());
INSERT INTO user (id,username,password,real_name,email,phone,status,deleted,create_time) VALUES (3000000026,'2024010026','$2a$10$CGI8hIN7VTgtS6fTSDWJTu6RQenkhJOTp5YxDOokGo3aMSBRfbwva','萧亦辰','stu026@b1.edu.cn','13900000026',1,0,NOW());
INSERT INTO user (id,username,password,real_name,email,phone,status,deleted,create_time) VALUES (3000000027,'2024010027','$2a$10$CGI8hIN7VTgtS6fTSDWJTu6RQenkhJOTp5YxDOokGo3aMSBRfbwva','程语桐','stu027@b1.edu.cn','13900000027',1,0,NOW());
INSERT INTO user (id,username,password,real_name,email,phone,status,deleted,create_time) VALUES (3000000028,'2024010028','$2a$10$CGI8hIN7VTgtS6fTSDWJTu6RQenkhJOTp5YxDOokGo3aMSBRfbwva','曹梓睿','stu028@b1.edu.cn','13900000028',1,0,NOW());
INSERT INTO user (id,username,password,real_name,email,phone,status,deleted,create_time) VALUES (3000000029,'2024010029','$2a$10$CGI8hIN7VTgtS6fTSDWJTu6RQenkhJOTp5YxDOokGo3aMSBRfbwva','彭思彤','stu029@b1.edu.cn','13900000029',1,0,NOW());
INSERT INTO user (id,username,password,real_name,email,phone,status,deleted,create_time) VALUES (3000000030,'2024010030','$2a$10$CGI8hIN7VTgtS6fTSDWJTu6RQenkhJOTp5YxDOokGo3aMSBRfbwva','潘展鹏','stu030@b1.edu.cn','13900000030',1,0,NOW());
INSERT INTO user_role (id,user_id,role_id) VALUES (3000000001,3000000001,3);
INSERT INTO user_role (id,user_id,role_id) VALUES (3000000002,3000000002,3);
INSERT INTO user_role (id,user_id,role_id) VALUES (3000000003,3000000003,3);
INSERT INTO user_role (id,user_id,role_id) VALUES (3000000004,3000000004,3);
INSERT INTO user_role (id,user_id,role_id) VALUES (3000000005,3000000005,3);
INSERT INTO user_role (id,user_id,role_id) VALUES (3000000006,3000000006,3);
INSERT INTO user_role (id,user_id,role_id) VALUES (3000000007,3000000007,3);
INSERT INTO user_role (id,user_id,role_id) VALUES (3000000008,3000000008,3);
INSERT INTO user_role (id,user_id,role_id) VALUES (3000000009,3000000009,3);
INSERT INTO user_role (id,user_id,role_id) VALUES (3000000010,3000000010,3);
INSERT INTO user_role (id,user_id,role_id) VALUES (3000000011,3000000011,3);
INSERT INTO user_role (id,user_id,role_id) VALUES (3000000012,3000000012,3);
INSERT INTO user_role (id,user_id,role_id) VALUES (3000000013,3000000013,3);
INSERT INTO user_role (id,user_id,role_id) VALUES (3000000014,3000000014,3);
INSERT INTO user_role (id,user_id,role_id) VALUES (3000000015,3000000015,3);
INSERT INTO user_role (id,user_id,role_id) VALUES (3000000016,3000000016,3);
INSERT INTO user_role (id,user_id,role_id) VALUES (3000000017,3000000017,3);
INSERT INTO user_role (id,user_id,role_id) VALUES (3000000018,3000000018,3);
INSERT INTO user_role (id,user_id,role_id) VALUES (3000000019,3000000019,3);
INSERT INTO user_role (id,user_id,role_id) VALUES (3000000020,3000000020,3);
INSERT INTO user_role (id,user_id,role_id) VALUES (3000000021,3000000021,3);
INSERT INTO user_role (id,user_id,role_id) VALUES (3000000022,3000000022,3);
INSERT INTO user_role (id,user_id,role_id) VALUES (3000000023,3000000023,3);
INSERT INTO user_role (id,user_id,role_id) VALUES (3000000024,3000000024,3);
INSERT INTO user_role (id,user_id,role_id) VALUES (3000000025,3000000025,3);
INSERT INTO user_role (id,user_id,role_id) VALUES (3000000026,3000000026,3);
INSERT INTO user_role (id,user_id,role_id) VALUES (3000000027,3000000027,3);
INSERT INTO user_role (id,user_id,role_id) VALUES (3000000028,3000000028,3);
INSERT INTO user_role (id,user_id,role_id) VALUES (3000000029,3000000029,3);
INSERT INTO user_role (id,user_id,role_id) VALUES (3000000030,3000000030,3);
INSERT INTO course_student (id,course_id,user_id,class_id) VALUES (3000000001,1,3000000001,2074718636818112514);
INSERT INTO course_student (id,course_id,user_id,class_id) VALUES (3000000002,1,3000000002,2074718636818112514);
INSERT INTO course_student (id,course_id,user_id,class_id) VALUES (3000000003,1,3000000003,2074718636818112514);
INSERT INTO course_student (id,course_id,user_id,class_id) VALUES (3000000004,1,3000000004,2074718636818112514);
INSERT INTO course_student (id,course_id,user_id,class_id) VALUES (3000000005,1,3000000005,2074718636818112514);
INSERT INTO course_student (id,course_id,user_id,class_id) VALUES (3000000006,1,3000000006,2074718636818112514);
INSERT INTO course_student (id,course_id,user_id,class_id) VALUES (3000000007,1,3000000007,2074718636818112514);
INSERT INTO course_student (id,course_id,user_id,class_id) VALUES (3000000008,1,3000000008,2074718636818112514);
INSERT INTO course_student (id,course_id,user_id,class_id) VALUES (3000000009,1,3000000009,2074718636818112514);
INSERT INTO course_student (id,course_id,user_id,class_id) VALUES (3000000010,1,3000000010,2074718636818112514);
INSERT INTO course_student (id,course_id,user_id,class_id) VALUES (3000000011,1,3000000011,2074718636818112514);
INSERT INTO course_student (id,course_id,user_id,class_id) VALUES (3000000012,1,3000000012,2074718636818112514);
INSERT INTO course_student (id,course_id,user_id,class_id) VALUES (3000000013,1,3000000013,2074718636818112514);
INSERT INTO course_student (id,course_id,user_id,class_id) VALUES (3000000014,1,3000000014,2074718636818112514);
INSERT INTO course_student (id,course_id,user_id,class_id) VALUES (3000000015,1,3000000015,2074718636818112514);
INSERT INTO course_student (id,course_id,user_id,class_id) VALUES (3000000016,1,3000000016,2074718636818112514);
INSERT INTO course_student (id,course_id,user_id,class_id) VALUES (3000000017,1,3000000017,2074718636818112514);
INSERT INTO course_student (id,course_id,user_id,class_id) VALUES (3000000018,1,3000000018,2074718636818112514);
INSERT INTO course_student (id,course_id,user_id,class_id) VALUES (3000000019,1,3000000019,2074718636818112514);
INSERT INTO course_student (id,course_id,user_id,class_id) VALUES (3000000020,1,3000000020,2074718636818112514);
INSERT INTO course_student (id,course_id,user_id,class_id) VALUES (3000000021,1,3000000021,2074718636818112514);
INSERT INTO course_student (id,course_id,user_id,class_id) VALUES (3000000022,1,3000000022,2074718636818112514);
INSERT INTO course_student (id,course_id,user_id,class_id) VALUES (3000000023,1,3000000023,2074718636818112514);
INSERT INTO course_student (id,course_id,user_id,class_id) VALUES (3000000024,1,3000000024,2074718636818112514);
INSERT INTO course_student (id,course_id,user_id,class_id) VALUES (3000000025,1,3000000025,2074718636818112514);
INSERT INTO course_student (id,course_id,user_id,class_id) VALUES (3000000026,1,3000000026,2074718636818112514);
INSERT INTO course_student (id,course_id,user_id,class_id) VALUES (3000000027,1,3000000027,2074718636818112514);
INSERT INTO course_student (id,course_id,user_id,class_id) VALUES (3000000028,1,3000000028,2074718636818112514);
INSERT INTO course_student (id,course_id,user_id,class_id) VALUES (3000000029,1,3000000029,2074718636818112514);
INSERT INTO course_student (id,course_id,user_id,class_id) VALUES (3000000030,1,3000000030,2074718636818112514);

-- 任务 1 提交/AI/复核/成绩
INSERT INTO submission (id,training_task_id,user_id,submit_type,summary,submit_count,submit_time,is_late,status,deleted,version,create_time) VALUES (3000010001,1,3000000001,'ZIP_UPLOAD','实训成果提交',1,'2026-05-07 10:07:00',0,'REVIEWED',0,0,NOW());
INSERT INTO ai_analysis (id,submission_id,total_score,analysis_status,analysis_time_ms,model_provider,model_name,token_input,token_output,token_total,retry_count,raw_response,start_time,complete_time,version,create_time) VALUES (3000110001,3000010001,85.00,'COMPLETED',12879,'DEEPSEEK+QWEN','deepseek-chat',2004,936,2940,0,JSON_OBJECT('seeded',true),'2026-05-07 10:07:00','2026-05-07 10:07:00',0,NOW());
INSERT INTO ai_analysis_detail (id,ai_analysis_id,dimension_id,agent_type,file_path,issue_type,severity,reason,suggestion,suggest_deduct,confidence,sort_order,create_time) VALUES (3000200000,3000110001,1,'DEEPSEEK','src/Main.java','CODE_ISSUE','MINOR','风格良好，个别处可优化','统一命名、补充注释、消除魔法数字。',4.00,0.81,1,NOW());
INSERT INTO ai_analysis_detail (id,ai_analysis_id,dimension_id,agent_type,file_path,issue_type,severity,reason,suggestion,suggest_deduct,confidence,sort_order,create_time) VALUES (3000200001,3000110001,2,'DEEPSEEK','src/Main.java','CODE_ISSUE','MINOR','核心流程已实现，边界场景缺失','对照任务书补齐缺失功能并完善边界处理。',5.00,0.75,2,NOW());
INSERT INTO ai_analysis_detail (id,ai_analysis_id,dimension_id,agent_type,file_path,issue_type,severity,reason,suggestion,suggest_deduct,confidence,sort_order,create_time) VALUES (3000200002,3000110001,3,'DEEPSEEK','src/Main.java','CODE_ISSUE','INFO','缺少设计亮点与抽象','引入合理分层与抽象，提炼可复用组件。',2.00,0.82,3,NOW());
INSERT INTO ai_analysis_detail (id,ai_analysis_id,dimension_id,agent_type,file_path,issue_type,severity,reason,suggestion,suggest_deduct,confidence,sort_order,create_time) VALUES (3000200003,3000110001,4,'DEEPSEEK','src/Main.java','CODE_ISSUE','INFO','文档结构清晰、内容充分','补充 README、接口文档与设计说明。',2.00,0.94,4,NOW());
INSERT INTO ai_analysis_detail (id,ai_analysis_id,dimension_id,agent_type,file_path,issue_type,severity,reason,suggestion,suggest_deduct,confidence,sort_order,create_time) VALUES (3000200004,3000110001,5,'DEEPSEEK','src/Main.java','CODE_ISSUE','INFO','分支与提交记录规范','规范提交信息，控制提交粒度，善用分支。',2.00,0.82,5,NOW());
INSERT INTO teacher_review (id,submission_id,reviewer_id,teacher_comment,status,review_time,publish_time,version,create_time) VALUES (3000310001,3000010001,2,'功能基本实现，但存在硬编码与重复代码，建议抽取公共方法。','PUBLISHED','2026-05-09 14:05:00','2026-05-09 15:05:00',0,NOW());
INSERT INTO score_record (id,submission_id,user_id,training_task_id,total_score,ai_total_score,teacher_comment,status,publish_time,version,create_time) VALUES (3000410001,3000010001,3000000001,1,88.00,85.00,NULL,'PUBLISHED','2026-05-09 15:05:00',0,NOW());
INSERT INTO submission (id,training_task_id,user_id,submit_type,summary,submit_count,submit_time,is_late,status,deleted,version,create_time) VALUES (3000010002,1,3000000002,'ZIP_UPLOAD','实训成果提交',1,'2026-05-08 11:14:00',0,'REVIEWED',0,0,NOW());
INSERT INTO ai_analysis (id,submission_id,total_score,analysis_status,analysis_time_ms,model_provider,model_name,token_input,token_output,token_total,retry_count,raw_response,start_time,complete_time,version,create_time) VALUES (3000110002,3000010002,86.00,'COMPLETED',8893,'DEEPSEEK+QWEN','deepseek-chat',2931,1219,4150,0,JSON_OBJECT('seeded',true),'2026-05-08 11:14:00','2026-05-08 11:14:00',0,NOW());
INSERT INTO ai_analysis_detail (id,ai_analysis_id,dimension_id,agent_type,file_path,issue_type,severity,reason,suggestion,suggest_deduct,confidence,sort_order,create_time) VALUES (3000200005,3000110002,1,'DEEPSEEK','src/Main.java','CODE_ISSUE','MINOR','风格良好，个别处可优化','统一命名、补充注释、消除魔法数字。',4.00,0.78,1,NOW());
INSERT INTO ai_analysis_detail (id,ai_analysis_id,dimension_id,agent_type,file_path,issue_type,severity,reason,suggestion,suggest_deduct,confidence,sort_order,create_time) VALUES (3000200006,3000110002,2,'DEEPSEEK','src/Main.java','CODE_ISSUE','MINOR','需求实现完整、演示正常','对照任务书补齐缺失功能并完善边界处理。',4.00,0.75,2,NOW());
INSERT INTO ai_analysis_detail (id,ai_analysis_id,dimension_id,agent_type,file_path,issue_type,severity,reason,suggestion,suggest_deduct,confidence,sort_order,create_time) VALUES (3000200007,3000110002,3,'DEEPSEEK','src/Main.java','CODE_ISSUE','INFO','有一定创新点','引入合理分层与抽象，提炼可复用组件。',1.00,0.77,3,NOW());
INSERT INTO ai_analysis_detail (id,ai_analysis_id,dimension_id,agent_type,file_path,issue_type,severity,reason,suggestion,suggest_deduct,confidence,sort_order,create_time) VALUES (3000200008,3000110002,4,'DEEPSEEK','src/Main.java','CODE_ISSUE','MINOR','文档结构清晰、内容充分','补充 README、接口文档与设计说明。',3.00,0.89,4,NOW());
INSERT INTO ai_analysis_detail (id,ai_analysis_id,dimension_id,agent_type,file_path,issue_type,severity,reason,suggestion,suggest_deduct,confidence,sort_order,create_time) VALUES (3000200009,3000110002,5,'DEEPSEEK','src/Main.java','CODE_ISSUE','INFO','提交记录偏少','规范提交信息，控制提交粒度，善用分支。',2.00,0.76,5,NOW());
INSERT INTO teacher_review (id,submission_id,reviewer_id,teacher_comment,status,review_time,publish_time,version,create_time) VALUES (3000310002,3000010002,2,'文档完整、结构规范，功能演示流畅，综合表现优秀。','PUBLISHED','2026-05-10 14:10:00','2026-05-10 15:10:00',0,NOW());
INSERT INTO score_record (id,submission_id,user_id,training_task_id,total_score,ai_total_score,teacher_comment,status,publish_time,version,create_time) VALUES (3000410002,3000010002,3000000002,1,87.00,86.00,NULL,'PUBLISHED','2026-05-10 15:10:00',0,NOW());
INSERT INTO submission (id,training_task_id,user_id,submit_type,summary,submit_count,submit_time,is_late,status,deleted,version,create_time) VALUES (3000010003,1,3000000003,'ZIP_UPLOAD','实训成果提交',1,'2026-05-09 12:21:00',0,'REVIEWED',0,0,NOW());
INSERT INTO ai_analysis (id,submission_id,total_score,analysis_status,analysis_time_ms,model_provider,model_name,token_input,token_output,token_total,retry_count,raw_response,start_time,complete_time,version,create_time) VALUES (3000110003,3000010003,75.00,'COMPLETED',6647,'DEEPSEEK+QWEN','deepseek-chat',2739,836,3575,0,JSON_OBJECT('seeded',true),'2026-05-09 12:21:00','2026-05-09 12:21:00',0,NOW());
INSERT INTO ai_analysis_detail (id,ai_analysis_id,dimension_id,agent_type,file_path,issue_type,severity,reason,suggestion,suggest_deduct,confidence,sort_order,create_time) VALUES (3000200010,3000110003,1,'DEEPSEEK','src/Main.java','CODE_ISSUE','MINOR','风格良好，个别处可优化','统一命名、补充注释、消除魔法数字。',6.00,0.93,1,NOW());
INSERT INTO ai_analysis_detail (id,ai_analysis_id,dimension_id,agent_type,file_path,issue_type,severity,reason,suggestion,suggest_deduct,confidence,sort_order,create_time) VALUES (3000200011,3000110003,2,'DEEPSEEK','src/Main.java','CODE_ISSUE','MAJOR','部分功能未完成','对照任务书补齐缺失功能并完善边界处理。',9.00,0.84,2,NOW());
INSERT INTO ai_analysis_detail (id,ai_analysis_id,dimension_id,agent_type,file_path,issue_type,severity,reason,suggestion,suggest_deduct,confidence,sort_order,create_time) VALUES (3000200012,3000110003,3,'DEEPSEEK','src/Main.java','CODE_ISSUE','MINOR','有一定创新点','引入合理分层与抽象，提炼可复用组件。',5.00,0.79,3,NOW());
INSERT INTO ai_analysis_detail (id,ai_analysis_id,dimension_id,agent_type,file_path,issue_type,severity,reason,suggestion,suggest_deduct,confidence,sort_order,create_time) VALUES (3000200013,3000110003,4,'DEEPSEEK','src/Main.java','CODE_ISSUE','MINOR','README 不完整，缺接口文档','补充 README、接口文档与设计说明。',3.00,0.82,4,NOW());
INSERT INTO ai_analysis_detail (id,ai_analysis_id,dimension_id,agent_type,file_path,issue_type,severity,reason,suggestion,suggest_deduct,confidence,sort_order,create_time) VALUES (3000200014,3000110003,5,'DEEPSEEK','src/Main.java','CODE_ISSUE','INFO','提交信息不规范、粒度过大','规范提交信息，控制提交粒度，善用分支。',2.00,0.85,5,NOW());
INSERT INTO teacher_review (id,submission_id,reviewer_id,teacher_comment,status,review_time,publish_time,version,create_time) VALUES (3000310003,3000010003,2,'整体完成度不错，核心功能实现完整，建议加强异常处理与边界校验。','PUBLISHED','2026-05-11 14:15:00','2026-05-11 15:15:00',0,NOW());
INSERT INTO score_record (id,submission_id,user_id,training_task_id,total_score,ai_total_score,teacher_comment,status,publish_time,version,create_time) VALUES (3000410003,3000010003,3000000003,1,73.00,75.00,NULL,'PUBLISHED','2026-05-11 15:15:00',0,NOW());
INSERT INTO submission (id,training_task_id,user_id,submit_type,summary,submit_count,submit_time,is_late,status,deleted,version,create_time) VALUES (3000010004,1,3000000004,'ZIP_UPLOAD','实训成果提交',1,'2026-05-10 13:28:00',0,'REVIEWED',0,0,NOW());
INSERT INTO ai_analysis (id,submission_id,total_score,analysis_status,analysis_time_ms,model_provider,model_name,token_input,token_output,token_total,retry_count,raw_response,start_time,complete_time,version,create_time) VALUES (3000110004,3000010004,66.00,'COMPLETED',7791,'DEEPSEEK+QWEN','deepseek-chat',3147,1044,4191,0,JSON_OBJECT('seeded',true),'2026-05-10 13:28:00','2026-05-10 13:28:00',0,NOW());
INSERT INTO ai_analysis_detail (id,ai_analysis_id,dimension_id,agent_type,file_path,issue_type,severity,reason,suggestion,suggest_deduct,confidence,sort_order,create_time) VALUES (3000200015,3000110004,1,'DEEPSEEK','src/Main.java','CODE_ISSUE','MAJOR','存在魔法数字与超长方法','统一命名、补充注释、消除魔法数字。',9.00,0.78,1,NOW());
INSERT INTO ai_analysis_detail (id,ai_analysis_id,dimension_id,agent_type,file_path,issue_type,severity,reason,suggestion,suggest_deduct,confidence,sort_order,create_time) VALUES (3000200016,3000110004,2,'DEEPSEEK','src/Main.java','CODE_ISSUE','MAJOR','部分功能未完成','对照任务书补齐缺失功能并完善边界处理。',11.00,0.77,2,NOW());
INSERT INTO ai_analysis_detail (id,ai_analysis_id,dimension_id,agent_type,file_path,issue_type,severity,reason,suggestion,suggest_deduct,confidence,sort_order,create_time) VALUES (3000200017,3000110004,3,'DEEPSEEK','src/Main.java','CODE_ISSUE','MINOR','架构分层合理，存在优化空间','引入合理分层与抽象，提炼可复用组件。',6.00,0.95,3,NOW());
INSERT INTO ai_analysis_detail (id,ai_analysis_id,dimension_id,agent_type,file_path,issue_type,severity,reason,suggestion,suggest_deduct,confidence,sort_order,create_time) VALUES (3000200018,3000110004,4,'DEEPSEEK','src/Main.java','CODE_ISSUE','MINOR','文档结构清晰、内容充分','补充 README、接口文档与设计说明。',4.00,0.75,4,NOW());
INSERT INTO ai_analysis_detail (id,ai_analysis_id,dimension_id,agent_type,file_path,issue_type,severity,reason,suggestion,suggest_deduct,confidence,sort_order,create_time) VALUES (3000200019,3000110004,5,'DEEPSEEK','src/Main.java','CODE_ISSUE','MINOR','提交记录偏少','规范提交信息，控制提交粒度，善用分支。',4.00,0.87,5,NOW());
INSERT INTO teacher_review (id,submission_id,reviewer_id,teacher_comment,status,review_time,publish_time,version,create_time) VALUES (3000310004,3000010004,2,'代码结构清晰，命名规范到位；文档略显单薄，可补充接口说明。','PUBLISHED','2026-05-12 14:20:00','2026-05-12 15:20:00',0,NOW());
INSERT INTO score_record (id,submission_id,user_id,training_task_id,total_score,ai_total_score,teacher_comment,status,publish_time,version,create_time) VALUES (3000410004,3000010004,3000000004,1,64.00,66.00,NULL,'PUBLISHED','2026-05-12 15:20:00',0,NOW());
INSERT INTO submission (id,training_task_id,user_id,submit_type,summary,submit_count,submit_time,is_late,status,deleted,version,create_time) VALUES (3000010005,1,3000000005,'ZIP_UPLOAD','实训成果提交',1,'2026-05-11 14:35:00',0,'REVIEWED',0,0,NOW());
INSERT INTO ai_analysis (id,submission_id,total_score,analysis_status,analysis_time_ms,model_provider,model_name,token_input,token_output,token_total,retry_count,raw_response,start_time,complete_time,version,create_time) VALUES (3000110005,3000010005,83.00,'COMPLETED',11086,'DEEPSEEK+QWEN','deepseek-chat',3171,674,3845,0,JSON_OBJECT('seeded',true),'2026-05-11 14:35:00','2026-05-11 14:35:00',0,NOW());
INSERT INTO ai_analysis_detail (id,ai_analysis_id,dimension_id,agent_type,file_path,issue_type,severity,reason,suggestion,suggest_deduct,confidence,sort_order,create_time) VALUES (3000200020,3000110005,1,'DEEPSEEK','src/Main.java','CODE_ISSUE','MINOR','风格良好，个别处可优化','统一命名、补充注释、消除魔法数字。',5.00,0.76,1,NOW());
INSERT INTO ai_analysis_detail (id,ai_analysis_id,dimension_id,agent_type,file_path,issue_type,severity,reason,suggestion,suggest_deduct,confidence,sort_order,create_time) VALUES (3000200021,3000110005,2,'DEEPSEEK','src/Main.java','CODE_ISSUE','MINOR','部分功能未完成','对照任务书补齐缺失功能并完善边界处理。',4.00,0.9,2,NOW());
INSERT INTO ai_analysis_detail (id,ai_analysis_id,dimension_id,agent_type,file_path,issue_type,severity,reason,suggestion,suggest_deduct,confidence,sort_order,create_time) VALUES (3000200022,3000110005,3,'DEEPSEEK','src/Main.java','CODE_ISSUE','MINOR','有一定创新点','引入合理分层与抽象，提炼可复用组件。',4.00,0.74,3,NOW());
INSERT INTO ai_analysis_detail (id,ai_analysis_id,dimension_id,agent_type,file_path,issue_type,severity,reason,suggestion,suggest_deduct,confidence,sort_order,create_time) VALUES (3000200023,3000110005,4,'DEEPSEEK','src/Main.java','CODE_ISSUE','INFO','缺少设计说明','补充 README、接口文档与设计说明。',2.00,0.77,4,NOW());
INSERT INTO ai_analysis_detail (id,ai_analysis_id,dimension_id,agent_type,file_path,issue_type,severity,reason,suggestion,suggest_deduct,confidence,sort_order,create_time) VALUES (3000200024,3000110005,5,'DEEPSEEK','src/Main.java','CODE_ISSUE','INFO','提交信息不规范、粒度过大','规范提交信息，控制提交粒度，善用分支。',2.00,0.81,5,NOW());
INSERT INTO teacher_review (id,submission_id,reviewer_id,teacher_comment,status,review_time,publish_time,version,create_time) VALUES (3000310005,3000010005,2,'完成质量较高，注释充分，可读性好，继续保持。','PUBLISHED','2026-05-13 14:25:00','2026-05-13 15:25:00',0,NOW());
INSERT INTO score_record (id,submission_id,user_id,training_task_id,total_score,ai_total_score,teacher_comment,status,publish_time,version,create_time) VALUES (3000410005,3000010005,3000000005,1,83.00,83.00,NULL,'PUBLISHED','2026-05-13 15:25:00',0,NOW());
INSERT INTO submission (id,training_task_id,user_id,submit_type,summary,submit_count,submit_time,is_late,status,deleted,version,create_time) VALUES (3000010006,1,3000000006,'ZIP_UPLOAD','实训成果提交',1,'2026-05-12 15:42:00',0,'REVIEWED',0,0,NOW());
INSERT INTO ai_analysis (id,submission_id,total_score,analysis_status,analysis_time_ms,model_provider,model_name,token_input,token_output,token_total,retry_count,raw_response,start_time,complete_time,version,create_time) VALUES (3000110006,3000010006,88.00,'COMPLETED',12165,'DEEPSEEK+QWEN','deepseek-chat',2868,1353,4221,0,JSON_OBJECT('seeded',true),'2026-05-12 15:42:00','2026-05-12 15:42:00',0,NOW());
INSERT INTO ai_analysis_detail (id,ai_analysis_id,dimension_id,agent_type,file_path,issue_type,severity,reason,suggestion,suggest_deduct,confidence,sort_order,create_time) VALUES (3000200025,3000110006,1,'DEEPSEEK','src/Main.java','CODE_ISSUE','MINOR','命名不统一、缺少必要注释','统一命名、补充注释、消除魔法数字。',4.00,0.8,1,NOW());
INSERT INTO ai_analysis_detail (id,ai_analysis_id,dimension_id,agent_type,file_path,issue_type,severity,reason,suggestion,suggest_deduct,confidence,sort_order,create_time) VALUES (3000200026,3000110006,2,'DEEPSEEK','src/Main.java','CODE_ISSUE','INFO','核心流程已实现，边界场景缺失','对照任务书补齐缺失功能并完善边界处理。',2.00,0.83,2,NOW());
INSERT INTO ai_analysis_detail (id,ai_analysis_id,dimension_id,agent_type,file_path,issue_type,severity,reason,suggestion,suggest_deduct,confidence,sort_order,create_time) VALUES (3000200027,3000110006,3,'DEEPSEEK','src/Main.java','CODE_ISSUE','INFO','有一定创新点','引入合理分层与抽象，提炼可复用组件。',1.00,0.95,3,NOW());
INSERT INTO ai_analysis_detail (id,ai_analysis_id,dimension_id,agent_type,file_path,issue_type,severity,reason,suggestion,suggest_deduct,confidence,sort_order,create_time) VALUES (3000200028,3000110006,4,'DEEPSEEK','src/Main.java','CODE_ISSUE','MINOR','文档结构清晰、内容充分','补充 README、接口文档与设计说明。',3.00,0.89,4,NOW());
INSERT INTO ai_analysis_detail (id,ai_analysis_id,dimension_id,agent_type,file_path,issue_type,severity,reason,suggestion,suggest_deduct,confidence,sort_order,create_time) VALUES (3000200029,3000110006,5,'DEEPSEEK','src/Main.java','CODE_ISSUE','INFO','提交记录偏少','规范提交信息，控制提交粒度，善用分支。',2.00,0.81,5,NOW());
INSERT INTO teacher_review (id,submission_id,reviewer_id,teacher_comment,status,review_time,publish_time,version,create_time) VALUES (3000310006,3000010006,2,'设计有一定亮点，分层合理；Git 提交记录偏少，建议规范提交粒度。','PUBLISHED','2026-05-14 14:30:00','2026-05-14 15:30:00',0,NOW());
INSERT INTO score_record (id,submission_id,user_id,training_task_id,total_score,ai_total_score,teacher_comment,status,publish_time,version,create_time) VALUES (3000410006,3000010006,3000000006,1,87.00,88.00,NULL,'PUBLISHED','2026-05-14 15:30:00',0,NOW());
INSERT INTO submission (id,training_task_id,user_id,submit_type,summary,submit_count,submit_time,is_late,status,deleted,version,create_time) VALUES (3000010007,1,3000000007,'ZIP_UPLOAD','实训成果提交',1,'2026-05-13 16:49:00',0,'REVIEWED',0,0,NOW());
INSERT INTO ai_analysis (id,submission_id,total_score,analysis_status,analysis_time_ms,model_provider,model_name,token_input,token_output,token_total,retry_count,raw_response,start_time,complete_time,version,create_time) VALUES (3000110007,3000010007,68.00,'COMPLETED',7735,'DEEPSEEK+QWEN','deepseek-chat',2449,702,3151,0,JSON_OBJECT('seeded',true),'2026-05-13 16:49:00','2026-05-13 16:49:00',0,NOW());
INSERT INTO ai_analysis_detail (id,ai_analysis_id,dimension_id,agent_type,file_path,issue_type,severity,reason,suggestion,suggest_deduct,confidence,sort_order,create_time) VALUES (3000200030,3000110007,1,'DEEPSEEK','src/Main.java','CODE_ISSUE','MAJOR','风格良好，个别处可优化','统一命名、补充注释、消除魔法数字。',8.00,0.79,1,NOW());
INSERT INTO ai_analysis_detail (id,ai_analysis_id,dimension_id,agent_type,file_path,issue_type,severity,reason,suggestion,suggest_deduct,confidence,sort_order,create_time) VALUES (3000200031,3000110007,2,'DEEPSEEK','src/Main.java','CODE_ISSUE','MAJOR','需求实现完整、演示正常','对照任务书补齐缺失功能并完善边界处理。',11.00,0.81,2,NOW());
INSERT INTO ai_analysis_detail (id,ai_analysis_id,dimension_id,agent_type,file_path,issue_type,severity,reason,suggestion,suggest_deduct,confidence,sort_order,create_time) VALUES (3000200032,3000110007,3,'DEEPSEEK','src/Main.java','CODE_ISSUE','MINOR','有一定创新点','引入合理分层与抽象，提炼可复用组件。',6.00,0.89,3,NOW());
INSERT INTO ai_analysis_detail (id,ai_analysis_id,dimension_id,agent_type,file_path,issue_type,severity,reason,suggestion,suggest_deduct,confidence,sort_order,create_time) VALUES (3000200033,3000110007,4,'DEEPSEEK','src/Main.java','CODE_ISSUE','MINOR','README 不完整，缺接口文档','补充 README、接口文档与设计说明。',5.00,0.87,4,NOW());
INSERT INTO ai_analysis_detail (id,ai_analysis_id,dimension_id,agent_type,file_path,issue_type,severity,reason,suggestion,suggest_deduct,confidence,sort_order,create_time) VALUES (3000200034,3000110007,5,'DEEPSEEK','src/Main.java','CODE_ISSUE','INFO','分支与提交记录规范','规范提交信息，控制提交粒度，善用分支。',2.00,0.85,5,NOW());
INSERT INTO teacher_review (id,submission_id,reviewer_id,teacher_comment,status,review_time,publish_time,version,create_time) VALUES (3000310007,3000010007,2,'需求实现存在遗漏，部分接口未联调，建议对照任务书自查。','PUBLISHED','2026-05-15 14:35:00','2026-05-15 15:35:00',0,NOW());
INSERT INTO score_record (id,submission_id,user_id,training_task_id,total_score,ai_total_score,teacher_comment,status,publish_time,version,create_time) VALUES (3000410007,3000010007,3000000007,1,66.00,68.00,NULL,'PUBLISHED','2026-05-15 15:35:00',0,NOW());
INSERT INTO submission (id,training_task_id,user_id,submit_type,summary,submit_count,submit_time,is_late,status,deleted,version,create_time) VALUES (3000010008,1,3000000008,'ZIP_UPLOAD','实训成果提交',1,'2026-05-14 09:56:00',0,'REVIEWED',0,0,NOW());
INSERT INTO ai_analysis (id,submission_id,total_score,analysis_status,analysis_time_ms,model_provider,model_name,token_input,token_output,token_total,retry_count,raw_response,start_time,complete_time,version,create_time) VALUES (3000110008,3000010008,66.00,'COMPLETED',12732,'DEEPSEEK+QWEN','deepseek-chat',2008,1016,3024,0,JSON_OBJECT('seeded',true),'2026-05-14 09:56:00','2026-05-14 09:56:00',0,NOW());
INSERT INTO ai_analysis_detail (id,ai_analysis_id,dimension_id,agent_type,file_path,issue_type,severity,reason,suggestion,suggest_deduct,confidence,sort_order,create_time) VALUES (3000200035,3000110008,1,'DEEPSEEK','src/Main.java','CODE_ISSUE','MAJOR','命名不统一、缺少必要注释','统一命名、补充注释、消除魔法数字。',9.00,0.86,1,NOW());
INSERT INTO ai_analysis_detail (id,ai_analysis_id,dimension_id,agent_type,file_path,issue_type,severity,reason,suggestion,suggest_deduct,confidence,sort_order,create_time) VALUES (3000200036,3000110008,2,'DEEPSEEK','src/Main.java','CODE_ISSUE','MAJOR','需求实现完整、演示正常','对照任务书补齐缺失功能并完善边界处理。',10.00,0.79,2,NOW());
INSERT INTO ai_analysis_detail (id,ai_analysis_id,dimension_id,agent_type,file_path,issue_type,severity,reason,suggestion,suggest_deduct,confidence,sort_order,create_time) VALUES (3000200037,3000110008,3,'DEEPSEEK','src/Main.java','CODE_ISSUE','MAJOR','架构分层合理，存在优化空间','引入合理分层与抽象，提炼可复用组件。',7.00,0.82,3,NOW());
INSERT INTO ai_analysis_detail (id,ai_analysis_id,dimension_id,agent_type,file_path,issue_type,severity,reason,suggestion,suggest_deduct,confidence,sort_order,create_time) VALUES (3000200038,3000110008,4,'DEEPSEEK','src/Main.java','CODE_ISSUE','MINOR','文档结构清晰、内容充分','补充 README、接口文档与设计说明。',5.00,0.76,4,NOW());
INSERT INTO ai_analysis_detail (id,ai_analysis_id,dimension_id,agent_type,file_path,issue_type,severity,reason,suggestion,suggest_deduct,confidence,sort_order,create_time) VALUES (3000200039,3000110008,5,'DEEPSEEK','src/Main.java','CODE_ISSUE','MINOR','提交信息不规范、粒度过大','规范提交信息，控制提交粒度，善用分支。',3.00,0.92,5,NOW());
INSERT INTO teacher_review (id,submission_id,reviewer_id,teacher_comment,status,review_time,publish_time,version,create_time) VALUES (3000310008,3000010008,2,'设计有一定亮点，分层合理；Git 提交记录偏少，建议规范提交粒度。','PUBLISHED','2026-05-16 14:40:00','2026-05-16 15:40:00',0,NOW());
INSERT INTO score_record (id,submission_id,user_id,training_task_id,total_score,ai_total_score,teacher_comment,status,publish_time,version,create_time) VALUES (3000410008,3000010008,3000000008,1,66.00,66.00,NULL,'PUBLISHED','2026-05-16 15:40:00',0,NOW());
INSERT INTO submission (id,training_task_id,user_id,submit_type,summary,submit_count,submit_time,is_late,status,deleted,version,create_time) VALUES (3000010009,1,3000000009,'ZIP_UPLOAD','实训成果提交',1,'2026-05-15 10:03:00',0,'REVIEWED',0,0,NOW());
INSERT INTO ai_analysis (id,submission_id,total_score,analysis_status,analysis_time_ms,model_provider,model_name,token_input,token_output,token_total,retry_count,raw_response,start_time,complete_time,version,create_time) VALUES (3000110009,3000010009,63.00,'COMPLETED',11111,'DEEPSEEK+QWEN','deepseek-chat',1819,1110,2929,0,JSON_OBJECT('seeded',true),'2026-05-15 10:03:00','2026-05-15 10:03:00',0,NOW());
INSERT INTO ai_analysis_detail (id,ai_analysis_id,dimension_id,agent_type,file_path,issue_type,severity,reason,suggestion,suggest_deduct,confidence,sort_order,create_time) VALUES (3000200040,3000110009,1,'DEEPSEEK','src/Main.java','CODE_ISSUE','MAJOR','存在魔法数字与超长方法','统一命名、补充注释、消除魔法数字。',9.00,0.83,1,NOW());
INSERT INTO ai_analysis_detail (id,ai_analysis_id,dimension_id,agent_type,file_path,issue_type,severity,reason,suggestion,suggest_deduct,confidence,sort_order,create_time) VALUES (3000200041,3000110009,2,'DEEPSEEK','src/Main.java','CODE_ISSUE','MAJOR','需求实现完整、演示正常','对照任务书补齐缺失功能并完善边界处理。',9.00,0.9,2,NOW());
INSERT INTO ai_analysis_detail (id,ai_analysis_id,dimension_id,agent_type,file_path,issue_type,severity,reason,suggestion,suggest_deduct,confidence,sort_order,create_time) VALUES (3000200042,3000110009,3,'DEEPSEEK','src/Main.java','CODE_ISSUE','MAJOR','缺少设计亮点与抽象','引入合理分层与抽象，提炼可复用组件。',8.00,0.89,3,NOW());
INSERT INTO ai_analysis_detail (id,ai_analysis_id,dimension_id,agent_type,file_path,issue_type,severity,reason,suggestion,suggest_deduct,confidence,sort_order,create_time) VALUES (3000200043,3000110009,4,'DEEPSEEK','src/Main.java','CODE_ISSUE','MINOR','缺少设计说明','补充 README、接口文档与设计说明。',6.00,0.88,4,NOW());
INSERT INTO ai_analysis_detail (id,ai_analysis_id,dimension_id,agent_type,file_path,issue_type,severity,reason,suggestion,suggest_deduct,confidence,sort_order,create_time) VALUES (3000200044,3000110009,5,'DEEPSEEK','src/Main.java','CODE_ISSUE','MINOR','分支与提交记录规范','规范提交信息，控制提交粒度，善用分支。',5.00,0.86,5,NOW());
INSERT INTO teacher_review (id,submission_id,reviewer_id,teacher_comment,status,review_time,publish_time,version,create_time) VALUES (3000310009,3000010009,2,'完成质量较高，注释充分，可读性好，继续保持。','PUBLISHED','2026-05-17 14:45:00','2026-05-17 15:45:00',0,NOW());
INSERT INTO score_record (id,submission_id,user_id,training_task_id,total_score,ai_total_score,teacher_comment,status,publish_time,version,create_time) VALUES (3000410009,3000010009,3000000009,1,66.00,63.00,NULL,'PUBLISHED','2026-05-17 15:45:00',0,NOW());
INSERT INTO submission (id,training_task_id,user_id,submit_type,summary,submit_count,submit_time,is_late,status,deleted,version,create_time) VALUES (3000010010,1,3000000010,'ZIP_UPLOAD','实训成果提交',1,'2026-05-16 11:10:00',0,'REVIEWED',0,0,NOW());
INSERT INTO ai_analysis (id,submission_id,total_score,analysis_status,analysis_time_ms,model_provider,model_name,token_input,token_output,token_total,retry_count,raw_response,start_time,complete_time,version,create_time) VALUES (3000110010,3000010010,64.00,'COMPLETED',10675,'DEEPSEEK+QWEN','deepseek-chat',2058,824,2882,0,JSON_OBJECT('seeded',true),'2026-05-16 11:10:00','2026-05-16 11:10:00',0,NOW());
INSERT INTO ai_analysis_detail (id,ai_analysis_id,dimension_id,agent_type,file_path,issue_type,severity,reason,suggestion,suggest_deduct,confidence,sort_order,create_time) VALUES (3000200045,3000110010,1,'DEEPSEEK','src/Main.java','CODE_ISSUE','MAJOR','存在魔法数字与超长方法','统一命名、补充注释、消除魔法数字。',10.00,0.84,1,NOW());
INSERT INTO ai_analysis_detail (id,ai_analysis_id,dimension_id,agent_type,file_path,issue_type,severity,reason,suggestion,suggest_deduct,confidence,sort_order,create_time) VALUES (3000200046,3000110010,2,'DEEPSEEK','src/Main.java','CODE_ISSUE','MAJOR','部分功能未完成','对照任务书补齐缺失功能并完善边界处理。',12.00,0.86,2,NOW());
INSERT INTO ai_analysis_detail (id,ai_analysis_id,dimension_id,agent_type,file_path,issue_type,severity,reason,suggestion,suggest_deduct,confidence,sort_order,create_time) VALUES (3000200047,3000110010,3,'DEEPSEEK','src/Main.java','CODE_ISSUE','MAJOR','缺少设计亮点与抽象','引入合理分层与抽象，提炼可复用组件。',7.00,0.75,3,NOW());
INSERT INTO ai_analysis_detail (id,ai_analysis_id,dimension_id,agent_type,file_path,issue_type,severity,reason,suggestion,suggest_deduct,confidence,sort_order,create_time) VALUES (3000200048,3000110010,4,'DEEPSEEK','src/Main.java','CODE_ISSUE','MINOR','README 不完整，缺接口文档','补充 README、接口文档与设计说明。',4.00,0.87,4,NOW());
INSERT INTO ai_analysis_detail (id,ai_analysis_id,dimension_id,agent_type,file_path,issue_type,severity,reason,suggestion,suggest_deduct,confidence,sort_order,create_time) VALUES (3000200049,3000110010,5,'DEEPSEEK','src/Main.java','CODE_ISSUE','MINOR','分支与提交记录规范','规范提交信息，控制提交粒度，善用分支。',3.00,0.89,5,NOW());
INSERT INTO teacher_review (id,submission_id,reviewer_id,teacher_comment,status,review_time,publish_time,version,create_time) VALUES (3000310010,3000010010,2,'代码规范良好，安全性需注意，避免 SQL 拼接与明文密码。','PUBLISHED','2026-05-18 14:50:00','2026-05-18 15:50:00',0,NOW());
INSERT INTO score_record (id,submission_id,user_id,training_task_id,total_score,ai_total_score,teacher_comment,status,publish_time,version,create_time) VALUES (3000410010,3000010010,3000000010,1,66.00,64.00,NULL,'PUBLISHED','2026-05-18 15:50:00',0,NOW());
INSERT INTO submission (id,training_task_id,user_id,submit_type,summary,submit_count,submit_time,is_late,status,deleted,version,create_time) VALUES (3000010011,1,3000000011,'ZIP_UPLOAD','实训成果提交',1,'2026-05-17 12:17:00',1,'REVIEWED',0,0,NOW());
INSERT INTO ai_analysis (id,submission_id,total_score,analysis_status,analysis_time_ms,model_provider,model_name,token_input,token_output,token_total,retry_count,raw_response,start_time,complete_time,version,create_time) VALUES (3000110011,3000010011,83.00,'COMPLETED',11626,'DEEPSEEK+QWEN','deepseek-chat',2341,678,3019,0,JSON_OBJECT('seeded',true),'2026-05-17 12:17:00','2026-05-17 12:17:00',0,NOW());
INSERT INTO ai_analysis_detail (id,ai_analysis_id,dimension_id,agent_type,file_path,issue_type,severity,reason,suggestion,suggest_deduct,confidence,sort_order,create_time) VALUES (3000200050,3000110011,1,'DEEPSEEK','src/Main.java','CODE_ISSUE','MINOR','存在魔法数字与超长方法','统一命名、补充注释、消除魔法数字。',3.00,0.73,1,NOW());
INSERT INTO ai_analysis_detail (id,ai_analysis_id,dimension_id,agent_type,file_path,issue_type,severity,reason,suggestion,suggest_deduct,confidence,sort_order,create_time) VALUES (3000200051,3000110011,2,'DEEPSEEK','src/Main.java','CODE_ISSUE','MINOR','部分功能未完成','对照任务书补齐缺失功能并完善边界处理。',4.00,0.9,2,NOW());
INSERT INTO ai_analysis_detail (id,ai_analysis_id,dimension_id,agent_type,file_path,issue_type,severity,reason,suggestion,suggest_deduct,confidence,sort_order,create_time) VALUES (3000200052,3000110011,3,'DEEPSEEK','src/Main.java','CODE_ISSUE','MINOR','缺少设计亮点与抽象','引入合理分层与抽象，提炼可复用组件。',4.00,0.72,3,NOW());
INSERT INTO ai_analysis_detail (id,ai_analysis_id,dimension_id,agent_type,file_path,issue_type,severity,reason,suggestion,suggest_deduct,confidence,sort_order,create_time) VALUES (3000200053,3000110011,4,'DEEPSEEK','src/Main.java','CODE_ISSUE','MINOR','缺少设计说明','补充 README、接口文档与设计说明。',3.00,0.75,4,NOW());
INSERT INTO ai_analysis_detail (id,ai_analysis_id,dimension_id,agent_type,file_path,issue_type,severity,reason,suggestion,suggest_deduct,confidence,sort_order,create_time) VALUES (3000200054,3000110011,5,'DEEPSEEK','src/Main.java','CODE_ISSUE','MINOR','提交记录偏少','规范提交信息，控制提交粒度，善用分支。',3.00,0.86,5,NOW());
INSERT INTO teacher_review (id,submission_id,reviewer_id,teacher_comment,status,review_time,publish_time,version,create_time) VALUES (3000310011,3000010011,2,'功能基本实现，但存在硬编码与重复代码，建议抽取公共方法。','PUBLISHED','2026-05-19 14:55:00','2026-05-19 15:55:00',0,NOW());
INSERT INTO score_record (id,submission_id,user_id,training_task_id,total_score,ai_total_score,teacher_comment,status,publish_time,version,create_time) VALUES (3000410011,3000010011,3000000011,1,87.00,83.00,NULL,'PUBLISHED','2026-05-19 15:55:00',0,NOW());
INSERT INTO submission (id,training_task_id,user_id,submit_type,summary,submit_count,submit_time,is_late,status,deleted,version,create_time) VALUES (3000010012,1,3000000012,'ZIP_UPLOAD','实训成果提交',1,'2026-05-18 13:24:00',0,'REVIEWED',0,0,NOW());
INSERT INTO ai_analysis (id,submission_id,total_score,analysis_status,analysis_time_ms,model_provider,model_name,token_input,token_output,token_total,retry_count,raw_response,start_time,complete_time,version,create_time) VALUES (3000110012,3000010012,75.00,'COMPLETED',6761,'DEEPSEEK+QWEN','deepseek-chat',2331,846,3177,0,JSON_OBJECT('seeded',true),'2026-05-18 13:24:00','2026-05-18 13:24:00',0,NOW());
INSERT INTO ai_analysis_detail (id,ai_analysis_id,dimension_id,agent_type,file_path,issue_type,severity,reason,suggestion,suggest_deduct,confidence,sort_order,create_time) VALUES (3000200055,3000110012,1,'DEEPSEEK','src/Main.java','CODE_ISSUE','MINOR','命名不统一、缺少必要注释','统一命名、补充注释、消除魔法数字。',6.00,0.76,1,NOW());
INSERT INTO ai_analysis_detail (id,ai_analysis_id,dimension_id,agent_type,file_path,issue_type,severity,reason,suggestion,suggest_deduct,confidence,sort_order,create_time) VALUES (3000200056,3000110012,2,'DEEPSEEK','src/Main.java','CODE_ISSUE','MAJOR','需求实现完整、演示正常','对照任务书补齐缺失功能并完善边界处理。',8.00,0.83,2,NOW());
INSERT INTO ai_analysis_detail (id,ai_analysis_id,dimension_id,agent_type,file_path,issue_type,severity,reason,suggestion,suggest_deduct,confidence,sort_order,create_time) VALUES (3000200057,3000110012,3,'DEEPSEEK','src/Main.java','CODE_ISSUE','MINOR','缺少设计亮点与抽象','引入合理分层与抽象，提炼可复用组件。',4.00,0.76,3,NOW());
INSERT INTO ai_analysis_detail (id,ai_analysis_id,dimension_id,agent_type,file_path,issue_type,severity,reason,suggestion,suggest_deduct,confidence,sort_order,create_time) VALUES (3000200058,3000110012,4,'DEEPSEEK','src/Main.java','CODE_ISSUE','MINOR','文档结构清晰、内容充分','补充 README、接口文档与设计说明。',4.00,0.76,4,NOW());
INSERT INTO ai_analysis_detail (id,ai_analysis_id,dimension_id,agent_type,file_path,issue_type,severity,reason,suggestion,suggest_deduct,confidence,sort_order,create_time) VALUES (3000200059,3000110012,5,'DEEPSEEK','src/Main.java','CODE_ISSUE','MINOR','提交记录偏少','规范提交信息，控制提交粒度，善用分支。',3.00,0.9,5,NOW());
INSERT INTO teacher_review (id,submission_id,reviewer_id,teacher_comment,status,review_time,publish_time,version,create_time) VALUES (3000310012,3000010012,2,'功能基本实现，但存在硬编码与重复代码，建议抽取公共方法。','PUBLISHED','2026-05-20 14:00:00','2026-05-20 15:00:00',0,NOW());
INSERT INTO score_record (id,submission_id,user_id,training_task_id,total_score,ai_total_score,teacher_comment,status,publish_time,version,create_time) VALUES (3000410012,3000010012,3000000012,1,74.00,75.00,NULL,'PUBLISHED','2026-05-20 15:00:00',0,NOW());
INSERT INTO submission (id,training_task_id,user_id,submit_type,summary,submit_count,submit_time,is_late,status,deleted,version,create_time) VALUES (3000010013,1,3000000013,'ZIP_UPLOAD','实训成果提交',1,'2026-05-19 14:31:00',0,'REVIEWED',0,0,NOW());
INSERT INTO ai_analysis (id,submission_id,total_score,analysis_status,analysis_time_ms,model_provider,model_name,token_input,token_output,token_total,retry_count,raw_response,start_time,complete_time,version,create_time) VALUES (3000110013,3000010013,84.00,'COMPLETED',7123,'DEEPSEEK+QWEN','deepseek-chat',1989,1179,3168,0,JSON_OBJECT('seeded',true),'2026-05-19 14:31:00','2026-05-19 14:31:00',0,NOW());
INSERT INTO ai_analysis_detail (id,ai_analysis_id,dimension_id,agent_type,file_path,issue_type,severity,reason,suggestion,suggest_deduct,confidence,sort_order,create_time) VALUES (3000200060,3000110013,1,'DEEPSEEK','src/Main.java','CODE_ISSUE','MINOR','命名不统一、缺少必要注释','统一命名、补充注释、消除魔法数字。',3.00,0.75,1,NOW());
INSERT INTO ai_analysis_detail (id,ai_analysis_id,dimension_id,agent_type,file_path,issue_type,severity,reason,suggestion,suggest_deduct,confidence,sort_order,create_time) VALUES (3000200061,3000110013,2,'DEEPSEEK','src/Main.java','CODE_ISSUE','MINOR','需求实现完整、演示正常','对照任务书补齐缺失功能并完善边界处理。',4.00,0.75,2,NOW());
INSERT INTO ai_analysis_detail (id,ai_analysis_id,dimension_id,agent_type,file_path,issue_type,severity,reason,suggestion,suggest_deduct,confidence,sort_order,create_time) VALUES (3000200062,3000110013,3,'DEEPSEEK','src/Main.java','CODE_ISSUE','MINOR','有一定创新点','引入合理分层与抽象，提炼可复用组件。',3.00,0.8,3,NOW());
INSERT INTO ai_analysis_detail (id,ai_analysis_id,dimension_id,agent_type,file_path,issue_type,severity,reason,suggestion,suggest_deduct,confidence,sort_order,create_time) VALUES (3000200063,3000110013,4,'DEEPSEEK','src/Main.java','CODE_ISSUE','MINOR','文档结构清晰、内容充分','补充 README、接口文档与设计说明。',3.00,0.93,4,NOW());
INSERT INTO ai_analysis_detail (id,ai_analysis_id,dimension_id,agent_type,file_path,issue_type,severity,reason,suggestion,suggest_deduct,confidence,sort_order,create_time) VALUES (3000200064,3000110013,5,'DEEPSEEK','src/Main.java','CODE_ISSUE','MINOR','提交记录偏少','规范提交信息，控制提交粒度，善用分支。',3.00,0.78,5,NOW());
INSERT INTO teacher_review (id,submission_id,reviewer_id,teacher_comment,status,review_time,publish_time,version,create_time) VALUES (3000310013,3000010013,2,'代码规范良好，安全性需注意，避免 SQL 拼接与明文密码。','PUBLISHED','2026-05-21 14:05:00','2026-05-21 15:05:00',0,NOW());
INSERT INTO score_record (id,submission_id,user_id,training_task_id,total_score,ai_total_score,teacher_comment,status,publish_time,version,create_time) VALUES (3000410013,3000010013,3000000013,1,86.00,84.00,NULL,'PUBLISHED','2026-05-21 15:05:00',0,NOW());
INSERT INTO submission (id,training_task_id,user_id,submit_type,summary,submit_count,submit_time,is_late,status,deleted,version,create_time) VALUES (3000010014,1,3000000014,'ZIP_UPLOAD','实训成果提交',1,'2026-05-20 15:38:00',0,'REVIEWED',0,0,NOW());
INSERT INTO ai_analysis (id,submission_id,total_score,analysis_status,analysis_time_ms,model_provider,model_name,token_input,token_output,token_total,retry_count,raw_response,start_time,complete_time,version,create_time) VALUES (3000110014,3000010014,77.00,'COMPLETED',7643,'DEEPSEEK+QWEN','deepseek-chat',1833,1008,2841,0,JSON_OBJECT('seeded',true),'2026-05-20 15:38:00','2026-05-20 15:38:00',0,NOW());
INSERT INTO ai_analysis_detail (id,ai_analysis_id,dimension_id,agent_type,file_path,issue_type,severity,reason,suggestion,suggest_deduct,confidence,sort_order,create_time) VALUES (3000200065,3000110014,1,'DEEPSEEK','src/Main.java','CODE_ISSUE','MINOR','风格良好，个别处可优化','统一命名、补充注释、消除魔法数字。',6.00,0.76,1,NOW());
INSERT INTO ai_analysis_detail (id,ai_analysis_id,dimension_id,agent_type,file_path,issue_type,severity,reason,suggestion,suggest_deduct,confidence,sort_order,create_time) VALUES (3000200066,3000110014,2,'DEEPSEEK','src/Main.java','CODE_ISSUE','MAJOR','核心流程已实现，边界场景缺失','对照任务书补齐缺失功能并完善边界处理。',7.00,0.94,2,NOW());
INSERT INTO ai_analysis_detail (id,ai_analysis_id,dimension_id,agent_type,file_path,issue_type,severity,reason,suggestion,suggest_deduct,confidence,sort_order,create_time) VALUES (3000200067,3000110014,3,'DEEPSEEK','src/Main.java','CODE_ISSUE','MINOR','有一定创新点','引入合理分层与抽象，提炼可复用组件。',5.00,0.73,3,NOW());
INSERT INTO ai_analysis_detail (id,ai_analysis_id,dimension_id,agent_type,file_path,issue_type,severity,reason,suggestion,suggest_deduct,confidence,sort_order,create_time) VALUES (3000200068,3000110014,4,'DEEPSEEK','src/Main.java','CODE_ISSUE','INFO','缺少设计说明','补充 README、接口文档与设计说明。',2.00,0.91,4,NOW());
INSERT INTO ai_analysis_detail (id,ai_analysis_id,dimension_id,agent_type,file_path,issue_type,severity,reason,suggestion,suggest_deduct,confidence,sort_order,create_time) VALUES (3000200069,3000110014,5,'DEEPSEEK','src/Main.java','CODE_ISSUE','MINOR','提交记录偏少','规范提交信息，控制提交粒度，善用分支。',3.00,0.88,5,NOW());
INSERT INTO teacher_review (id,submission_id,reviewer_id,teacher_comment,status,review_time,publish_time,version,create_time) VALUES (3000310014,3000010014,2,'设计有一定亮点，分层合理；Git 提交记录偏少，建议规范提交粒度。','PUBLISHED','2026-05-22 14:10:00','2026-05-22 15:10:00',0,NOW());
INSERT INTO score_record (id,submission_id,user_id,training_task_id,total_score,ai_total_score,teacher_comment,status,publish_time,version,create_time) VALUES (3000410014,3000010014,3000000014,1,79.00,77.00,NULL,'PUBLISHED','2026-05-22 15:10:00',0,NOW());
INSERT INTO submission (id,training_task_id,user_id,submit_type,summary,submit_count,submit_time,is_late,status,deleted,version,create_time) VALUES (3000010015,1,3000000015,'ZIP_UPLOAD','实训成果提交',1,'2026-05-21 16:45:00',0,'REVIEWED',0,0,NOW());
INSERT INTO ai_analysis (id,submission_id,total_score,analysis_status,analysis_time_ms,model_provider,model_name,token_input,token_output,token_total,retry_count,raw_response,start_time,complete_time,version,create_time) VALUES (3000110015,3000010015,51.00,'COMPLETED',11086,'DEEPSEEK+QWEN','deepseek-chat',2548,755,3303,0,JSON_OBJECT('seeded',true),'2026-05-21 16:45:00','2026-05-21 16:45:00',0,NOW());
INSERT INTO ai_analysis_detail (id,ai_analysis_id,dimension_id,agent_type,file_path,issue_type,severity,reason,suggestion,suggest_deduct,confidence,sort_order,create_time) VALUES (3000200070,3000110015,1,'DEEPSEEK','src/Main.java','CODE_ISSUE','MAJOR','命名不统一、缺少必要注释','统一命名、补充注释、消除魔法数字。',13.00,0.75,1,NOW());
INSERT INTO ai_analysis_detail (id,ai_analysis_id,dimension_id,agent_type,file_path,issue_type,severity,reason,suggestion,suggest_deduct,confidence,sort_order,create_time) VALUES (3000200071,3000110015,2,'DEEPSEEK','src/Main.java','CODE_ISSUE','MAJOR','核心流程已实现，边界场景缺失','对照任务书补齐缺失功能并完善边界处理。',16.00,0.76,2,NOW());
INSERT INTO ai_analysis_detail (id,ai_analysis_id,dimension_id,agent_type,file_path,issue_type,severity,reason,suggestion,suggest_deduct,confidence,sort_order,create_time) VALUES (3000200072,3000110015,3,'DEEPSEEK','src/Main.java','CODE_ISSUE','MAJOR','架构分层合理，存在优化空间','引入合理分层与抽象，提炼可复用组件。',10.00,0.81,3,NOW());
INSERT INTO ai_analysis_detail (id,ai_analysis_id,dimension_id,agent_type,file_path,issue_type,severity,reason,suggestion,suggest_deduct,confidence,sort_order,create_time) VALUES (3000200073,3000110015,4,'DEEPSEEK','src/Main.java','CODE_ISSUE','MINOR','文档结构清晰、内容充分','补充 README、接口文档与设计说明。',6.00,0.83,4,NOW());
INSERT INTO ai_analysis_detail (id,ai_analysis_id,dimension_id,agent_type,file_path,issue_type,severity,reason,suggestion,suggest_deduct,confidence,sort_order,create_time) VALUES (3000200074,3000110015,5,'DEEPSEEK','src/Main.java','CODE_ISSUE','MINOR','提交信息不规范、粒度过大','规范提交信息，控制提交粒度，善用分支。',4.00,0.72,5,NOW());
INSERT INTO teacher_review (id,submission_id,reviewer_id,teacher_comment,status,review_time,publish_time,version,create_time) VALUES (3000310015,3000010015,2,'设计有一定亮点，分层合理；Git 提交记录偏少，建议规范提交粒度。','PUBLISHED','2026-05-23 14:15:00','2026-05-23 15:15:00',0,NOW());
INSERT INTO score_record (id,submission_id,user_id,training_task_id,total_score,ai_total_score,teacher_comment,status,publish_time,version,create_time) VALUES (3000410015,3000010015,3000000015,1,52.00,51.00,NULL,'PUBLISHED','2026-05-23 15:15:00',0,NOW());
INSERT INTO submission (id,training_task_id,user_id,submit_type,summary,submit_count,submit_time,is_late,status,deleted,version,create_time) VALUES (3000010016,1,3000000016,'ZIP_UPLOAD','实训成果提交',1,'2026-05-22 09:52:00',0,'REVIEWED',0,0,NOW());
INSERT INTO ai_analysis (id,submission_id,total_score,analysis_status,analysis_time_ms,model_provider,model_name,token_input,token_output,token_total,retry_count,raw_response,start_time,complete_time,version,create_time) VALUES (3000110016,3000010016,89.00,'COMPLETED',6294,'DEEPSEEK+QWEN','deepseek-chat',3177,1029,4206,0,JSON_OBJECT('seeded',true),'2026-05-22 09:52:00','2026-05-22 09:52:00',0,NOW());
INSERT INTO ai_analysis_detail (id,ai_analysis_id,dimension_id,agent_type,file_path,issue_type,severity,reason,suggestion,suggest_deduct,confidence,sort_order,create_time) VALUES (3000200075,3000110016,1,'DEEPSEEK','src/Main.java','CODE_ISSUE','INFO','命名不统一、缺少必要注释','统一命名、补充注释、消除魔法数字。',2.00,0.76,1,NOW());
INSERT INTO ai_analysis_detail (id,ai_analysis_id,dimension_id,agent_type,file_path,issue_type,severity,reason,suggestion,suggest_deduct,confidence,sort_order,create_time) VALUES (3000200076,3000110016,2,'DEEPSEEK','src/Main.java','CODE_ISSUE','MINOR','需求实现完整、演示正常','对照任务书补齐缺失功能并完善边界处理。',5.00,0.94,2,NOW());
INSERT INTO ai_analysis_detail (id,ai_analysis_id,dimension_id,agent_type,file_path,issue_type,severity,reason,suggestion,suggest_deduct,confidence,sort_order,create_time) VALUES (3000200077,3000110016,3,'DEEPSEEK','src/Main.java','CODE_ISSUE','INFO','架构分层合理，存在优化空间','引入合理分层与抽象，提炼可复用组件。',2.00,0.82,3,NOW());
INSERT INTO ai_analysis_detail (id,ai_analysis_id,dimension_id,agent_type,file_path,issue_type,severity,reason,suggestion,suggest_deduct,confidence,sort_order,create_time) VALUES (3000200078,3000110016,4,'DEEPSEEK','src/Main.java','CODE_ISSUE','INFO','文档结构清晰、内容充分','补充 README、接口文档与设计说明。',0.00,0.86,4,NOW());
INSERT INTO ai_analysis_detail (id,ai_analysis_id,dimension_id,agent_type,file_path,issue_type,severity,reason,suggestion,suggest_deduct,confidence,sort_order,create_time) VALUES (3000200079,3000110016,5,'DEEPSEEK','src/Main.java','CODE_ISSUE','INFO','提交记录偏少','规范提交信息，控制提交粒度，善用分支。',2.00,0.82,5,NOW());
INSERT INTO teacher_review (id,submission_id,reviewer_id,teacher_comment,status,review_time,publish_time,version,create_time) VALUES (3000310016,3000010016,2,'设计有一定亮点，分层合理；Git 提交记录偏少，建议规范提交粒度。','PUBLISHED','2026-05-24 14:20:00','2026-05-24 15:20:00',0,NOW());
INSERT INTO score_record (id,submission_id,user_id,training_task_id,total_score,ai_total_score,teacher_comment,status,publish_time,version,create_time) VALUES (3000410016,3000010016,3000000016,1,93.00,89.00,NULL,'PUBLISHED','2026-05-24 15:20:00',0,NOW());
INSERT INTO submission (id,training_task_id,user_id,submit_type,summary,submit_count,submit_time,is_late,status,deleted,version,create_time) VALUES (3000010017,1,3000000017,'ZIP_UPLOAD','实训成果提交',1,'2026-05-23 10:59:00',0,'REVIEWED',0,0,NOW());
INSERT INTO ai_analysis (id,submission_id,total_score,analysis_status,analysis_time_ms,model_provider,model_name,token_input,token_output,token_total,retry_count,raw_response,start_time,complete_time,version,create_time) VALUES (3000110017,3000010017,72.00,'COMPLETED',8637,'DEEPSEEK+QWEN','deepseek-chat',2992,1166,4158,0,JSON_OBJECT('seeded',true),'2026-05-23 10:59:00','2026-05-23 10:59:00',0,NOW());
INSERT INTO ai_analysis_detail (id,ai_analysis_id,dimension_id,agent_type,file_path,issue_type,severity,reason,suggestion,suggest_deduct,confidence,sort_order,create_time) VALUES (3000200080,3000110017,1,'DEEPSEEK','src/Main.java','CODE_ISSUE','MAJOR','命名不统一、缺少必要注释','统一命名、补充注释、消除魔法数字。',8.00,0.92,1,NOW());
INSERT INTO ai_analysis_detail (id,ai_analysis_id,dimension_id,agent_type,file_path,issue_type,severity,reason,suggestion,suggest_deduct,confidence,sort_order,create_time) VALUES (3000200081,3000110017,2,'DEEPSEEK','src/Main.java','CODE_ISSUE','MAJOR','需求实现完整、演示正常','对照任务书补齐缺失功能并完善边界处理。',9.00,0.8,2,NOW());
INSERT INTO ai_analysis_detail (id,ai_analysis_id,dimension_id,agent_type,file_path,issue_type,severity,reason,suggestion,suggest_deduct,confidence,sort_order,create_time) VALUES (3000200082,3000110017,3,'DEEPSEEK','src/Main.java','CODE_ISSUE','MINOR','缺少设计亮点与抽象','引入合理分层与抽象，提炼可复用组件。',5.00,0.95,3,NOW());
INSERT INTO ai_analysis_detail (id,ai_analysis_id,dimension_id,agent_type,file_path,issue_type,severity,reason,suggestion,suggest_deduct,confidence,sort_order,create_time) VALUES (3000200083,3000110017,4,'DEEPSEEK','src/Main.java','CODE_ISSUE','MINOR','缺少设计说明','补充 README、接口文档与设计说明。',3.00,0.93,4,NOW());
INSERT INTO ai_analysis_detail (id,ai_analysis_id,dimension_id,agent_type,file_path,issue_type,severity,reason,suggestion,suggest_deduct,confidence,sort_order,create_time) VALUES (3000200084,3000110017,5,'DEEPSEEK','src/Main.java','CODE_ISSUE','MINOR','分支与提交记录规范','规范提交信息，控制提交粒度，善用分支。',3.00,0.8,5,NOW());
INSERT INTO teacher_review (id,submission_id,reviewer_id,teacher_comment,status,review_time,publish_time,version,create_time) VALUES (3000310017,3000010017,2,'设计有一定亮点，分层合理；Git 提交记录偏少，建议规范提交粒度。','PUBLISHED','2026-05-25 14:25:00','2026-05-25 15:25:00',0,NOW());
INSERT INTO score_record (id,submission_id,user_id,training_task_id,total_score,ai_total_score,teacher_comment,status,publish_time,version,create_time) VALUES (3000410017,3000010017,3000000017,1,71.00,72.00,NULL,'PUBLISHED','2026-05-25 15:25:00',0,NOW());
INSERT INTO submission (id,training_task_id,user_id,submit_type,summary,submit_count,submit_time,is_late,status,deleted,version,create_time) VALUES (3000010018,1,3000000018,'ZIP_UPLOAD','实训成果提交',1,'2026-05-06 11:06:00',0,'REVIEWED',0,0,NOW());
INSERT INTO ai_analysis (id,submission_id,total_score,analysis_status,analysis_time_ms,model_provider,model_name,token_input,token_output,token_total,retry_count,raw_response,start_time,complete_time,version,create_time) VALUES (3000110018,3000010018,94.00,'COMPLETED',9825,'DEEPSEEK+QWEN','deepseek-chat',1822,610,2432,0,JSON_OBJECT('seeded',true),'2026-05-06 11:06:00','2026-05-06 11:06:00',0,NOW());
INSERT INTO ai_analysis_detail (id,ai_analysis_id,dimension_id,agent_type,file_path,issue_type,severity,reason,suggestion,suggest_deduct,confidence,sort_order,create_time) VALUES (3000200085,3000110018,1,'DEEPSEEK','src/Main.java','CODE_ISSUE','INFO','风格良好，个别处可优化','统一命名、补充注释、消除魔法数字。',1.00,0.77,1,NOW());
INSERT INTO ai_analysis_detail (id,ai_analysis_id,dimension_id,agent_type,file_path,issue_type,severity,reason,suggestion,suggest_deduct,confidence,sort_order,create_time) VALUES (3000200086,3000110018,2,'DEEPSEEK','src/Main.java','CODE_ISSUE','INFO','核心流程已实现，边界场景缺失','对照任务书补齐缺失功能并完善边界处理。',2.00,0.78,2,NOW());
INSERT INTO ai_analysis_detail (id,ai_analysis_id,dimension_id,agent_type,file_path,issue_type,severity,reason,suggestion,suggest_deduct,confidence,sort_order,create_time) VALUES (3000200087,3000110018,3,'DEEPSEEK','src/Main.java','CODE_ISSUE','INFO','缺少设计亮点与抽象','引入合理分层与抽象，提炼可复用组件。',1.00,0.77,3,NOW());
INSERT INTO ai_analysis_detail (id,ai_analysis_id,dimension_id,agent_type,file_path,issue_type,severity,reason,suggestion,suggest_deduct,confidence,sort_order,create_time) VALUES (3000200088,3000110018,4,'DEEPSEEK','src/Main.java','CODE_ISSUE','INFO','缺少设计说明','补充 README、接口文档与设计说明。',1.00,0.94,4,NOW());
INSERT INTO ai_analysis_detail (id,ai_analysis_id,dimension_id,agent_type,file_path,issue_type,severity,reason,suggestion,suggest_deduct,confidence,sort_order,create_time) VALUES (3000200089,3000110018,5,'DEEPSEEK','src/Main.java','CODE_ISSUE','INFO','分支与提交记录规范','规范提交信息，控制提交粒度，善用分支。',1.00,0.74,5,NOW());
INSERT INTO teacher_review (id,submission_id,reviewer_id,teacher_comment,status,review_time,publish_time,version,create_time) VALUES (3000310018,3000010018,2,'代码规范良好，安全性需注意，避免 SQL 拼接与明文密码。','PUBLISHED','2026-05-08 14:30:00','2026-05-08 15:30:00',0,NOW());
INSERT INTO score_record (id,submission_id,user_id,training_task_id,total_score,ai_total_score,teacher_comment,status,publish_time,version,create_time) VALUES (3000410018,3000010018,3000000018,1,93.00,94.00,NULL,'PUBLISHED','2026-05-08 15:30:00',0,NOW());
INSERT INTO submission (id,training_task_id,user_id,submit_type,summary,submit_count,submit_time,is_late,status,deleted,version,create_time) VALUES (3000010019,1,3000000019,'ZIP_UPLOAD','实训成果提交',1,'2026-05-07 12:13:00',0,'REVIEWED',0,0,NOW());
INSERT INTO ai_analysis (id,submission_id,total_score,analysis_status,analysis_time_ms,model_provider,model_name,token_input,token_output,token_total,retry_count,raw_response,start_time,complete_time,version,create_time) VALUES (3000110019,3000010019,69.00,'COMPLETED',7947,'DEEPSEEK+QWEN','deepseek-chat',2800,1082,3882,0,JSON_OBJECT('seeded',true),'2026-05-07 12:13:00','2026-05-07 12:13:00',0,NOW());
INSERT INTO ai_analysis_detail (id,ai_analysis_id,dimension_id,agent_type,file_path,issue_type,severity,reason,suggestion,suggest_deduct,confidence,sort_order,create_time) VALUES (3000200090,3000110019,1,'DEEPSEEK','src/Main.java','CODE_ISSUE','MAJOR','命名不统一、缺少必要注释','统一命名、补充注释、消除魔法数字。',7.00,0.85,1,NOW());
INSERT INTO ai_analysis_detail (id,ai_analysis_id,dimension_id,agent_type,file_path,issue_type,severity,reason,suggestion,suggest_deduct,confidence,sort_order,create_time) VALUES (3000200091,3000110019,2,'DEEPSEEK','src/Main.java','CODE_ISSUE','MAJOR','核心流程已实现，边界场景缺失','对照任务书补齐缺失功能并完善边界处理。',9.00,0.81,2,NOW());
INSERT INTO ai_analysis_detail (id,ai_analysis_id,dimension_id,agent_type,file_path,issue_type,severity,reason,suggestion,suggest_deduct,confidence,sort_order,create_time) VALUES (3000200092,3000110019,3,'DEEPSEEK','src/Main.java','CODE_ISSUE','MINOR','架构分层合理，存在优化空间','引入合理分层与抽象，提炼可复用组件。',6.00,0.73,3,NOW());
INSERT INTO ai_analysis_detail (id,ai_analysis_id,dimension_id,agent_type,file_path,issue_type,severity,reason,suggestion,suggest_deduct,confidence,sort_order,create_time) VALUES (3000200093,3000110019,4,'DEEPSEEK','src/Main.java','CODE_ISSUE','MINOR','缺少设计说明','补充 README、接口文档与设计说明。',5.00,0.88,4,NOW());
INSERT INTO ai_analysis_detail (id,ai_analysis_id,dimension_id,agent_type,file_path,issue_type,severity,reason,suggestion,suggest_deduct,confidence,sort_order,create_time) VALUES (3000200094,3000110019,5,'DEEPSEEK','src/Main.java','CODE_ISSUE','MINOR','提交信息不规范、粒度过大','规范提交信息，控制提交粒度，善用分支。',4.00,0.89,5,NOW());
INSERT INTO teacher_review (id,submission_id,reviewer_id,teacher_comment,status,review_time,publish_time,version,create_time) VALUES (3000310019,3000010019,2,'代码结构清晰，命名规范到位；文档略显单薄，可补充接口说明。','PUBLISHED','2026-05-09 14:35:00','2026-05-09 15:35:00',0,NOW());
INSERT INTO score_record (id,submission_id,user_id,training_task_id,total_score,ai_total_score,teacher_comment,status,publish_time,version,create_time) VALUES (3000410019,3000010019,3000000019,1,69.00,69.00,NULL,'PUBLISHED','2026-05-09 15:35:00',0,NOW());
INSERT INTO submission (id,training_task_id,user_id,submit_type,summary,submit_count,submit_time,is_late,status,deleted,version,create_time) VALUES (3000010020,1,3000000020,'ZIP_UPLOAD','实训成果提交',1,'2026-05-08 13:20:00',0,'REVIEWED',0,0,NOW());
INSERT INTO ai_analysis (id,submission_id,total_score,analysis_status,analysis_time_ms,model_provider,model_name,token_input,token_output,token_total,retry_count,raw_response,start_time,complete_time,version,create_time) VALUES (3000110020,3000010020,72.00,'COMPLETED',8656,'DEEPSEEK+QWEN','deepseek-chat',2736,1309,4045,0,JSON_OBJECT('seeded',true),'2026-05-08 13:20:00','2026-05-08 13:20:00',0,NOW());
INSERT INTO ai_analysis_detail (id,ai_analysis_id,dimension_id,agent_type,file_path,issue_type,severity,reason,suggestion,suggest_deduct,confidence,sort_order,create_time) VALUES (3000200095,3000110020,1,'DEEPSEEK','src/Main.java','CODE_ISSUE','MAJOR','风格良好，个别处可优化','统一命名、补充注释、消除魔法数字。',7.00,0.88,1,NOW());
INSERT INTO ai_analysis_detail (id,ai_analysis_id,dimension_id,agent_type,file_path,issue_type,severity,reason,suggestion,suggest_deduct,confidence,sort_order,create_time) VALUES (3000200096,3000110020,2,'DEEPSEEK','src/Main.java','CODE_ISSUE','MINOR','部分功能未完成','对照任务书补齐缺失功能并完善边界处理。',6.00,0.84,2,NOW());
INSERT INTO ai_analysis_detail (id,ai_analysis_id,dimension_id,agent_type,file_path,issue_type,severity,reason,suggestion,suggest_deduct,confidence,sort_order,create_time) VALUES (3000200097,3000110020,3,'DEEPSEEK','src/Main.java','CODE_ISSUE','MAJOR','架构分层合理，存在优化空间','引入合理分层与抽象，提炼可复用组件。',7.00,0.87,3,NOW());
INSERT INTO ai_analysis_detail (id,ai_analysis_id,dimension_id,agent_type,file_path,issue_type,severity,reason,suggestion,suggest_deduct,confidence,sort_order,create_time) VALUES (3000200098,3000110020,4,'DEEPSEEK','src/Main.java','CODE_ISSUE','MINOR','文档结构清晰、内容充分','补充 README、接口文档与设计说明。',5.00,0.86,4,NOW());
INSERT INTO ai_analysis_detail (id,ai_analysis_id,dimension_id,agent_type,file_path,issue_type,severity,reason,suggestion,suggest_deduct,confidence,sort_order,create_time) VALUES (3000200099,3000110020,5,'DEEPSEEK','src/Main.java','CODE_ISSUE','MINOR','分支与提交记录规范','规范提交信息，控制提交粒度，善用分支。',3.00,0.94,5,NOW());
INSERT INTO teacher_review (id,submission_id,reviewer_id,teacher_comment,status,review_time,publish_time,version,create_time) VALUES (3000310020,3000010020,2,'完成质量较高，注释充分，可读性好，继续保持。','PUBLISHED','2026-05-10 14:40:00','2026-05-10 15:40:00',0,NOW());
INSERT INTO score_record (id,submission_id,user_id,training_task_id,total_score,ai_total_score,teacher_comment,status,publish_time,version,create_time) VALUES (3000410020,3000010020,3000000020,1,71.00,72.00,NULL,'PUBLISHED','2026-05-10 15:40:00',0,NOW());
INSERT INTO submission (id,training_task_id,user_id,submit_type,summary,submit_count,submit_time,is_late,status,deleted,version,create_time) VALUES (3000010021,1,3000000021,'ZIP_UPLOAD','实训成果提交',1,'2026-05-09 14:27:00',0,'REVIEWED',0,0,NOW());
INSERT INTO ai_analysis (id,submission_id,total_score,analysis_status,analysis_time_ms,model_provider,model_name,token_input,token_output,token_total,retry_count,raw_response,start_time,complete_time,version,create_time) VALUES (3000110021,3000010021,98.00,'COMPLETED',9608,'DEEPSEEK+QWEN','deepseek-chat',2046,1010,3056,0,JSON_OBJECT('seeded',true),'2026-05-09 14:27:00','2026-05-09 14:27:00',0,NOW());
INSERT INTO ai_analysis_detail (id,ai_analysis_id,dimension_id,agent_type,file_path,issue_type,severity,reason,suggestion,suggest_deduct,confidence,sort_order,create_time) VALUES (3000200100,3000110021,1,'DEEPSEEK','src/Main.java','CODE_ISSUE','INFO','风格良好，个别处可优化','统一命名、补充注释、消除魔法数字。',0.00,0.78,1,NOW());
INSERT INTO ai_analysis_detail (id,ai_analysis_id,dimension_id,agent_type,file_path,issue_type,severity,reason,suggestion,suggest_deduct,confidence,sort_order,create_time) VALUES (3000200101,3000110021,2,'DEEPSEEK','src/Main.java','CODE_ISSUE','INFO','需求实现完整、演示正常','对照任务书补齐缺失功能并完善边界处理。',0.00,0.85,2,NOW());
INSERT INTO ai_analysis_detail (id,ai_analysis_id,dimension_id,agent_type,file_path,issue_type,severity,reason,suggestion,suggest_deduct,confidence,sort_order,create_time) VALUES (3000200102,3000110021,3,'DEEPSEEK','src/Main.java','CODE_ISSUE','INFO','有一定创新点','引入合理分层与抽象，提炼可复用组件。',1.00,0.84,3,NOW());
INSERT INTO ai_analysis_detail (id,ai_analysis_id,dimension_id,agent_type,file_path,issue_type,severity,reason,suggestion,suggest_deduct,confidence,sort_order,create_time) VALUES (3000200103,3000110021,4,'DEEPSEEK','src/Main.java','CODE_ISSUE','INFO','缺少设计说明','补充 README、接口文档与设计说明。',1.00,0.86,4,NOW());
INSERT INTO ai_analysis_detail (id,ai_analysis_id,dimension_id,agent_type,file_path,issue_type,severity,reason,suggestion,suggest_deduct,confidence,sort_order,create_time) VALUES (3000200104,3000110021,5,'DEEPSEEK','src/Main.java','CODE_ISSUE','INFO','分支与提交记录规范','规范提交信息，控制提交粒度，善用分支。',0.00,0.73,5,NOW());
INSERT INTO teacher_review (id,submission_id,reviewer_id,teacher_comment,status,review_time,publish_time,version,create_time) VALUES (3000310021,3000010021,2,'文档完整、结构规范，功能演示流畅，综合表现优秀。','PUBLISHED','2026-05-11 14:45:00','2026-05-11 15:45:00',0,NOW());
INSERT INTO score_record (id,submission_id,user_id,training_task_id,total_score,ai_total_score,teacher_comment,status,publish_time,version,create_time) VALUES (3000410021,3000010021,3000000021,1,100.00,98.00,NULL,'PUBLISHED','2026-05-11 15:45:00',0,NOW());
INSERT INTO submission (id,training_task_id,user_id,submit_type,summary,submit_count,submit_time,is_late,status,deleted,version,create_time) VALUES (3000010022,1,3000000022,'ZIP_UPLOAD','实训成果提交',1,'2026-05-10 15:34:00',0,'REVIEWED',0,0,NOW());
INSERT INTO ai_analysis (id,submission_id,total_score,analysis_status,analysis_time_ms,model_provider,model_name,token_input,token_output,token_total,retry_count,raw_response,start_time,complete_time,version,create_time) VALUES (3000110022,3000010022,71.00,'COMPLETED',7205,'DEEPSEEK+QWEN','deepseek-chat',2967,967,3934,0,JSON_OBJECT('seeded',true),'2026-05-10 15:34:00','2026-05-10 15:34:00',0,NOW());
INSERT INTO ai_analysis_detail (id,ai_analysis_id,dimension_id,agent_type,file_path,issue_type,severity,reason,suggestion,suggest_deduct,confidence,sort_order,create_time) VALUES (3000200105,3000110022,1,'DEEPSEEK','src/Main.java','CODE_ISSUE','MAJOR','存在魔法数字与超长方法','统一命名、补充注释、消除魔法数字。',7.00,0.87,1,NOW());
INSERT INTO ai_analysis_detail (id,ai_analysis_id,dimension_id,agent_type,file_path,issue_type,severity,reason,suggestion,suggest_deduct,confidence,sort_order,create_time) VALUES (3000200106,3000110022,2,'DEEPSEEK','src/Main.java','CODE_ISSUE','MAJOR','核心流程已实现，边界场景缺失','对照任务书补齐缺失功能并完善边界处理。',9.00,0.86,2,NOW());
INSERT INTO ai_analysis_detail (id,ai_analysis_id,dimension_id,agent_type,file_path,issue_type,severity,reason,suggestion,suggest_deduct,confidence,sort_order,create_time) VALUES (3000200107,3000110022,3,'DEEPSEEK','src/Main.java','CODE_ISSUE','MAJOR','缺少设计亮点与抽象','引入合理分层与抽象，提炼可复用组件。',7.00,0.76,3,NOW());
INSERT INTO ai_analysis_detail (id,ai_analysis_id,dimension_id,agent_type,file_path,issue_type,severity,reason,suggestion,suggest_deduct,confidence,sort_order,create_time) VALUES (3000200108,3000110022,4,'DEEPSEEK','src/Main.java','CODE_ISSUE','MINOR','缺少设计说明','补充 README、接口文档与设计说明。',4.00,0.73,4,NOW());
INSERT INTO ai_analysis_detail (id,ai_analysis_id,dimension_id,agent_type,file_path,issue_type,severity,reason,suggestion,suggest_deduct,confidence,sort_order,create_time) VALUES (3000200109,3000110022,5,'DEEPSEEK','src/Main.java','CODE_ISSUE','INFO','分支与提交记录规范','规范提交信息，控制提交粒度，善用分支。',2.00,0.78,5,NOW());
INSERT INTO teacher_review (id,submission_id,reviewer_id,teacher_comment,status,review_time,publish_time,version,create_time) VALUES (3000310022,3000010022,2,'整体完成度不错，核心功能实现完整，建议加强异常处理与边界校验。','PUBLISHED','2026-05-12 14:50:00','2026-05-12 15:50:00',0,NOW());
INSERT INTO score_record (id,submission_id,user_id,training_task_id,total_score,ai_total_score,teacher_comment,status,publish_time,version,create_time) VALUES (3000410022,3000010022,3000000022,1,69.00,71.00,NULL,'PUBLISHED','2026-05-12 15:50:00',0,NOW());
INSERT INTO submission (id,training_task_id,user_id,submit_type,summary,submit_count,submit_time,is_late,status,deleted,version,create_time) VALUES (3000010023,1,3000000023,'ZIP_UPLOAD','实训成果提交',1,'2026-05-11 16:41:00',1,'REVIEWED',0,0,NOW());
INSERT INTO ai_analysis (id,submission_id,total_score,analysis_status,analysis_time_ms,model_provider,model_name,token_input,token_output,token_total,retry_count,raw_response,start_time,complete_time,version,create_time) VALUES (3000110023,3000010023,98.00,'COMPLETED',8474,'DEEPSEEK+QWEN','deepseek-chat',2885,905,3790,0,JSON_OBJECT('seeded',true),'2026-05-11 16:41:00','2026-05-11 16:41:00',0,NOW());
INSERT INTO ai_analysis_detail (id,ai_analysis_id,dimension_id,agent_type,file_path,issue_type,severity,reason,suggestion,suggest_deduct,confidence,sort_order,create_time) VALUES (3000200110,3000110023,1,'DEEPSEEK','src/Main.java','CODE_ISSUE','INFO','存在魔法数字与超长方法','统一命名、补充注释、消除魔法数字。',0.00,0.94,1,NOW());
INSERT INTO ai_analysis_detail (id,ai_analysis_id,dimension_id,agent_type,file_path,issue_type,severity,reason,suggestion,suggest_deduct,confidence,sort_order,create_time) VALUES (3000200111,3000110023,2,'DEEPSEEK','src/Main.java','CODE_ISSUE','INFO','需求实现完整、演示正常','对照任务书补齐缺失功能并完善边界处理。',0.00,0.89,2,NOW());
INSERT INTO ai_analysis_detail (id,ai_analysis_id,dimension_id,agent_type,file_path,issue_type,severity,reason,suggestion,suggest_deduct,confidence,sort_order,create_time) VALUES (3000200112,3000110023,3,'DEEPSEEK','src/Main.java','CODE_ISSUE','INFO','架构分层合理，存在优化空间','引入合理分层与抽象，提炼可复用组件。',0.00,0.76,3,NOW());
INSERT INTO ai_analysis_detail (id,ai_analysis_id,dimension_id,agent_type,file_path,issue_type,severity,reason,suggestion,suggest_deduct,confidence,sort_order,create_time) VALUES (3000200113,3000110023,4,'DEEPSEEK','src/Main.java','CODE_ISSUE','INFO','缺少设计说明','补充 README、接口文档与设计说明。',1.00,0.85,4,NOW());
INSERT INTO ai_analysis_detail (id,ai_analysis_id,dimension_id,agent_type,file_path,issue_type,severity,reason,suggestion,suggest_deduct,confidence,sort_order,create_time) VALUES (3000200114,3000110023,5,'DEEPSEEK','src/Main.java','CODE_ISSUE','INFO','提交记录偏少','规范提交信息，控制提交粒度，善用分支。',1.00,0.88,5,NOW());
INSERT INTO teacher_review (id,submission_id,reviewer_id,teacher_comment,status,review_time,publish_time,version,create_time) VALUES (3000310023,3000010023,2,'功能基本实现，但存在硬编码与重复代码，建议抽取公共方法。','PUBLISHED','2026-05-13 14:55:00','2026-05-13 15:55:00',0,NOW());
INSERT INTO score_record (id,submission_id,user_id,training_task_id,total_score,ai_total_score,teacher_comment,status,publish_time,version,create_time) VALUES (3000410023,3000010023,3000000023,1,100.00,98.00,NULL,'PUBLISHED','2026-05-13 15:55:00',0,NOW());
INSERT INTO submission (id,training_task_id,user_id,submit_type,summary,submit_count,submit_time,is_late,status,deleted,version,create_time) VALUES (3000010024,1,3000000024,'ZIP_UPLOAD','实训成果提交',1,'2026-05-12 09:48:00',0,'REVIEWED',0,0,NOW());
INSERT INTO ai_analysis (id,submission_id,total_score,analysis_status,analysis_time_ms,model_provider,model_name,token_input,token_output,token_total,retry_count,raw_response,start_time,complete_time,version,create_time) VALUES (3000110024,3000010024,80.00,'COMPLETED',6052,'DEEPSEEK+QWEN','deepseek-chat',2642,1301,3943,0,JSON_OBJECT('seeded',true),'2026-05-12 09:48:00','2026-05-12 09:48:00',0,NOW());
INSERT INTO ai_analysis_detail (id,ai_analysis_id,dimension_id,agent_type,file_path,issue_type,severity,reason,suggestion,suggest_deduct,confidence,sort_order,create_time) VALUES (3000200115,3000110024,1,'DEEPSEEK','src/Main.java','CODE_ISSUE','MINOR','存在魔法数字与超长方法','统一命名、补充注释、消除魔法数字。',5.00,0.74,1,NOW());
INSERT INTO ai_analysis_detail (id,ai_analysis_id,dimension_id,agent_type,file_path,issue_type,severity,reason,suggestion,suggest_deduct,confidence,sort_order,create_time) VALUES (3000200116,3000110024,2,'DEEPSEEK','src/Main.java','CODE_ISSUE','MINOR','部分功能未完成','对照任务书补齐缺失功能并完善边界处理。',6.00,0.89,2,NOW());
INSERT INTO ai_analysis_detail (id,ai_analysis_id,dimension_id,agent_type,file_path,issue_type,severity,reason,suggestion,suggest_deduct,confidence,sort_order,create_time) VALUES (3000200117,3000110024,3,'DEEPSEEK','src/Main.java','CODE_ISSUE','MINOR','架构分层合理，存在优化空间','引入合理分层与抽象，提炼可复用组件。',3.00,0.81,3,NOW());
INSERT INTO ai_analysis_detail (id,ai_analysis_id,dimension_id,agent_type,file_path,issue_type,severity,reason,suggestion,suggest_deduct,confidence,sort_order,create_time) VALUES (3000200118,3000110024,4,'DEEPSEEK','src/Main.java','CODE_ISSUE','MINOR','缺少设计说明','补充 README、接口文档与设计说明。',4.00,0.93,4,NOW());
INSERT INTO ai_analysis_detail (id,ai_analysis_id,dimension_id,agent_type,file_path,issue_type,severity,reason,suggestion,suggest_deduct,confidence,sort_order,create_time) VALUES (3000200119,3000110024,5,'DEEPSEEK','src/Main.java','CODE_ISSUE','INFO','分支与提交记录规范','规范提交信息，控制提交粒度，善用分支。',2.00,0.79,5,NOW());
INSERT INTO teacher_review (id,submission_id,reviewer_id,teacher_comment,status,review_time,publish_time,version,create_time) VALUES (3000310024,3000010024,2,'代码规范良好，安全性需注意，避免 SQL 拼接与明文密码。','PUBLISHED','2026-05-14 14:00:00','2026-05-14 15:00:00',0,NOW());
INSERT INTO score_record (id,submission_id,user_id,training_task_id,total_score,ai_total_score,teacher_comment,status,publish_time,version,create_time) VALUES (3000410024,3000010024,3000000024,1,83.00,80.00,NULL,'PUBLISHED','2026-05-14 15:00:00',0,NOW());
INSERT INTO submission (id,training_task_id,user_id,submit_type,summary,submit_count,submit_time,is_late,status,deleted,version,create_time) VALUES (3000010025,1,3000000025,'ZIP_UPLOAD','实训成果提交',1,'2026-05-13 10:55:00',0,'SUBMITTED',0,0,NOW());
INSERT INTO ai_analysis (id,submission_id,total_score,analysis_status,analysis_time_ms,model_provider,model_name,token_input,token_output,token_total,retry_count,raw_response,start_time,complete_time,version,create_time) VALUES (3000110025,3000010025,77.00,'COMPLETED',7485,'DEEPSEEK+QWEN','deepseek-chat',2418,651,3069,0,JSON_OBJECT('seeded',true),'2026-05-13 10:55:00','2026-05-13 10:55:00',0,NOW());
INSERT INTO ai_analysis_detail (id,ai_analysis_id,dimension_id,agent_type,file_path,issue_type,severity,reason,suggestion,suggest_deduct,confidence,sort_order,create_time) VALUES (3000200120,3000110025,1,'DEEPSEEK','src/Main.java','CODE_ISSUE','MINOR','命名不统一、缺少必要注释','统一命名、补充注释、消除魔法数字。',6.00,0.83,1,NOW());
INSERT INTO ai_analysis_detail (id,ai_analysis_id,dimension_id,agent_type,file_path,issue_type,severity,reason,suggestion,suggest_deduct,confidence,sort_order,create_time) VALUES (3000200121,3000110025,2,'DEEPSEEK','src/Main.java','CODE_ISSUE','MINOR','需求实现完整、演示正常','对照任务书补齐缺失功能并完善边界处理。',6.00,0.76,2,NOW());
INSERT INTO ai_analysis_detail (id,ai_analysis_id,dimension_id,agent_type,file_path,issue_type,severity,reason,suggestion,suggest_deduct,confidence,sort_order,create_time) VALUES (3000200122,3000110025,3,'DEEPSEEK','src/Main.java','CODE_ISSUE','MINOR','有一定创新点','引入合理分层与抽象，提炼可复用组件。',3.00,0.76,3,NOW());
INSERT INTO ai_analysis_detail (id,ai_analysis_id,dimension_id,agent_type,file_path,issue_type,severity,reason,suggestion,suggest_deduct,confidence,sort_order,create_time) VALUES (3000200123,3000110025,4,'DEEPSEEK','src/Main.java','CODE_ISSUE','MINOR','缺少设计说明','补充 README、接口文档与设计说明。',5.00,0.72,4,NOW());
INSERT INTO ai_analysis_detail (id,ai_analysis_id,dimension_id,agent_type,file_path,issue_type,severity,reason,suggestion,suggest_deduct,confidence,sort_order,create_time) VALUES (3000200124,3000110025,5,'DEEPSEEK','src/Main.java','CODE_ISSUE','MINOR','分支与提交记录规范','规范提交信息，控制提交粒度，善用分支。',3.00,0.73,5,NOW());
INSERT INTO submission (id,training_task_id,user_id,submit_type,summary,submit_count,submit_time,is_late,status,deleted,version,create_time) VALUES (3000010026,1,3000000026,'ZIP_UPLOAD','实训成果提交',1,'2026-05-14 11:02:00',0,'SUBMITTED',0,0,NOW());
INSERT INTO ai_analysis (id,submission_id,total_score,analysis_status,analysis_time_ms,model_provider,model_name,token_input,token_output,token_total,retry_count,raw_response,start_time,complete_time,version,create_time) VALUES (3000110026,3000010026,76.00,'COMPLETED',6407,'DEEPSEEK+QWEN','deepseek-chat',2468,627,3095,0,JSON_OBJECT('seeded',true),'2026-05-14 11:02:00','2026-05-14 11:02:00',0,NOW());
INSERT INTO ai_analysis_detail (id,ai_analysis_id,dimension_id,agent_type,file_path,issue_type,severity,reason,suggestion,suggest_deduct,confidence,sort_order,create_time) VALUES (3000200125,3000110026,1,'DEEPSEEK','src/Main.java','CODE_ISSUE','MAJOR','风格良好，个别处可优化','统一命名、补充注释、消除魔法数字。',7.00,0.73,1,NOW());
INSERT INTO ai_analysis_detail (id,ai_analysis_id,dimension_id,agent_type,file_path,issue_type,severity,reason,suggestion,suggest_deduct,confidence,sort_order,create_time) VALUES (3000200126,3000110026,2,'DEEPSEEK','src/Main.java','CODE_ISSUE','MINOR','部分功能未完成','对照任务书补齐缺失功能并完善边界处理。',6.00,0.89,2,NOW());
INSERT INTO ai_analysis_detail (id,ai_analysis_id,dimension_id,agent_type,file_path,issue_type,severity,reason,suggestion,suggest_deduct,confidence,sort_order,create_time) VALUES (3000200127,3000110026,3,'DEEPSEEK','src/Main.java','CODE_ISSUE','MINOR','架构分层合理，存在优化空间','引入合理分层与抽象，提炼可复用组件。',5.00,0.88,3,NOW());
INSERT INTO ai_analysis_detail (id,ai_analysis_id,dimension_id,agent_type,file_path,issue_type,severity,reason,suggestion,suggest_deduct,confidence,sort_order,create_time) VALUES (3000200128,3000110026,4,'DEEPSEEK','src/Main.java','CODE_ISSUE','MINOR','缺少设计说明','补充 README、接口文档与设计说明。',4.00,0.74,4,NOW());
INSERT INTO ai_analysis_detail (id,ai_analysis_id,dimension_id,agent_type,file_path,issue_type,severity,reason,suggestion,suggest_deduct,confidence,sort_order,create_time) VALUES (3000200129,3000110026,5,'DEEPSEEK','src/Main.java','CODE_ISSUE','INFO','提交记录偏少','规范提交信息，控制提交粒度，善用分支。',2.00,0.93,5,NOW());
INSERT INTO submission (id,training_task_id,user_id,submit_type,summary,submit_count,submit_time,is_late,status,deleted,version,create_time) VALUES (3000010027,1,3000000027,'ZIP_UPLOAD','实训成果提交',1,'2026-05-15 12:09:00',0,'SUBMITTED',0,0,NOW());
INSERT INTO ai_analysis (id,submission_id,total_score,analysis_status,analysis_time_ms,model_provider,model_name,token_input,token_output,token_total,retry_count,raw_response,start_time,complete_time,version,create_time) VALUES (3000110027,3000010027,69.00,'COMPLETED',9177,'DEEPSEEK+QWEN','deepseek-chat',2125,721,2846,0,JSON_OBJECT('seeded',true),'2026-05-15 12:09:00','2026-05-15 12:09:00',0,NOW());
INSERT INTO ai_analysis_detail (id,ai_analysis_id,dimension_id,agent_type,file_path,issue_type,severity,reason,suggestion,suggest_deduct,confidence,sort_order,create_time) VALUES (3000200130,3000110027,1,'DEEPSEEK','src/Main.java','CODE_ISSUE','MAJOR','命名不统一、缺少必要注释','统一命名、补充注释、消除魔法数字。',9.00,0.85,1,NOW());
INSERT INTO ai_analysis_detail (id,ai_analysis_id,dimension_id,agent_type,file_path,issue_type,severity,reason,suggestion,suggest_deduct,confidence,sort_order,create_time) VALUES (3000200131,3000110027,2,'DEEPSEEK','src/Main.java','CODE_ISSUE','MAJOR','部分功能未完成','对照任务书补齐缺失功能并完善边界处理。',9.00,0.86,2,NOW());
INSERT INTO ai_analysis_detail (id,ai_analysis_id,dimension_id,agent_type,file_path,issue_type,severity,reason,suggestion,suggest_deduct,confidence,sort_order,create_time) VALUES (3000200132,3000110027,3,'DEEPSEEK','src/Main.java','CODE_ISSUE','MINOR','架构分层合理，存在优化空间','引入合理分层与抽象，提炼可复用组件。',5.00,0.89,3,NOW());
INSERT INTO ai_analysis_detail (id,ai_analysis_id,dimension_id,agent_type,file_path,issue_type,severity,reason,suggestion,suggest_deduct,confidence,sort_order,create_time) VALUES (3000200133,3000110027,4,'DEEPSEEK','src/Main.java','CODE_ISSUE','MINOR','README 不完整，缺接口文档','补充 README、接口文档与设计说明。',5.00,0.85,4,NOW());
INSERT INTO ai_analysis_detail (id,ai_analysis_id,dimension_id,agent_type,file_path,issue_type,severity,reason,suggestion,suggest_deduct,confidence,sort_order,create_time) VALUES (3000200134,3000110027,5,'DEEPSEEK','src/Main.java','CODE_ISSUE','MINOR','提交信息不规范、粒度过大','规范提交信息，控制提交粒度，善用分支。',3.00,0.87,5,NOW());
INSERT INTO submission (id,training_task_id,user_id,submit_type,summary,submit_count,submit_time,is_late,status,deleted,version,create_time) VALUES (3000010028,1,3000000028,'ZIP_UPLOAD','实训成果提交',1,'2026-05-16 13:16:00',0,'COMPLETED',0,0,NOW());
INSERT INTO ai_analysis (id,submission_id,total_score,analysis_status,analysis_time_ms,model_provider,model_name,token_input,token_output,token_total,retry_count,raw_response,start_time,complete_time,version,create_time) VALUES (3000110028,3000010028,58.00,'COMPLETED',7885,'DEEPSEEK+QWEN','deepseek-chat',2645,789,3434,0,JSON_OBJECT('seeded',true),'2026-05-16 13:16:00','2026-05-16 13:16:00',0,NOW());
INSERT INTO ai_analysis_detail (id,ai_analysis_id,dimension_id,agent_type,file_path,issue_type,severity,reason,suggestion,suggest_deduct,confidence,sort_order,create_time) VALUES (3000200135,3000110028,1,'DEEPSEEK','src/Main.java','CODE_ISSUE','MAJOR','命名不统一、缺少必要注释','统一命名、补充注释、消除魔法数字。',9.00,0.91,1,NOW());
INSERT INTO ai_analysis_detail (id,ai_analysis_id,dimension_id,agent_type,file_path,issue_type,severity,reason,suggestion,suggest_deduct,confidence,sort_order,create_time) VALUES (3000200136,3000110028,2,'DEEPSEEK','src/Main.java','CODE_ISSUE','MAJOR','部分功能未完成','对照任务书补齐缺失功能并完善边界处理。',13.00,0.94,2,NOW());
INSERT INTO ai_analysis_detail (id,ai_analysis_id,dimension_id,agent_type,file_path,issue_type,severity,reason,suggestion,suggest_deduct,confidence,sort_order,create_time) VALUES (3000200137,3000110028,3,'DEEPSEEK','src/Main.java','CODE_ISSUE','MAJOR','架构分层合理，存在优化空间','引入合理分层与抽象，提炼可复用组件。',9.00,0.77,3,NOW());
INSERT INTO ai_analysis_detail (id,ai_analysis_id,dimension_id,agent_type,file_path,issue_type,severity,reason,suggestion,suggest_deduct,confidence,sort_order,create_time) VALUES (3000200138,3000110028,4,'DEEPSEEK','src/Main.java','CODE_ISSUE','MAJOR','README 不完整，缺接口文档','补充 README、接口文档与设计说明。',7.00,0.82,4,NOW());
INSERT INTO ai_analysis_detail (id,ai_analysis_id,dimension_id,agent_type,file_path,issue_type,severity,reason,suggestion,suggest_deduct,confidence,sort_order,create_time) VALUES (3000200139,3000110028,5,'DEEPSEEK','src/Main.java','CODE_ISSUE','MINOR','提交记录偏少','规范提交信息，控制提交粒度，善用分支。',4.00,0.79,5,NOW());
INSERT INTO teacher_review (id,submission_id,reviewer_id,teacher_comment,status,review_time,publish_time,version,create_time) VALUES (3000310028,3000010028,2,'设计有一定亮点，分层合理；Git 提交记录偏少，建议规范提交粒度。','PUBLISHED','2026-05-18 14:20:00','2026-05-18 15:20:00',0,NOW());
INSERT INTO score_record (id,submission_id,user_id,training_task_id,total_score,ai_total_score,teacher_comment,status,publish_time,version,create_time) VALUES (3000410028,3000010028,3000000028,1,58.00,58.00,NULL,'PUBLISHED','2026-05-18 15:20:00',0,NOW());
INSERT INTO submission (id,training_task_id,user_id,submit_type,summary,submit_count,submit_time,is_late,status,deleted,version,create_time) VALUES (3000010029,1,3000000029,'ZIP_UPLOAD','实训成果提交',1,'2026-05-17 14:23:00',0,'COMPLETED',0,0,NOW());
INSERT INTO ai_analysis (id,submission_id,total_score,analysis_status,analysis_time_ms,model_provider,model_name,token_input,token_output,token_total,retry_count,raw_response,start_time,complete_time,version,create_time) VALUES (3000110029,3000010029,66.00,'COMPLETED',6632,'DEEPSEEK+QWEN','deepseek-chat',2544,815,3359,0,JSON_OBJECT('seeded',true),'2026-05-17 14:23:00','2026-05-17 14:23:00',0,NOW());
INSERT INTO ai_analysis_detail (id,ai_analysis_id,dimension_id,agent_type,file_path,issue_type,severity,reason,suggestion,suggest_deduct,confidence,sort_order,create_time) VALUES (3000200140,3000110029,1,'DEEPSEEK','src/Main.java','CODE_ISSUE','MAJOR','风格良好，个别处可优化','统一命名、补充注释、消除魔法数字。',9.00,0.88,1,NOW());
INSERT INTO ai_analysis_detail (id,ai_analysis_id,dimension_id,agent_type,file_path,issue_type,severity,reason,suggestion,suggest_deduct,confidence,sort_order,create_time) VALUES (3000200141,3000110029,2,'DEEPSEEK','src/Main.java','CODE_ISSUE','MAJOR','部分功能未完成','对照任务书补齐缺失功能并完善边界处理。',11.00,0.78,2,NOW());
INSERT INTO ai_analysis_detail (id,ai_analysis_id,dimension_id,agent_type,file_path,issue_type,severity,reason,suggestion,suggest_deduct,confidence,sort_order,create_time) VALUES (3000200142,3000110029,3,'DEEPSEEK','src/Main.java','CODE_ISSUE','MINOR','有一定创新点','引入合理分层与抽象，提炼可复用组件。',5.00,0.84,3,NOW());
INSERT INTO ai_analysis_detail (id,ai_analysis_id,dimension_id,agent_type,file_path,issue_type,severity,reason,suggestion,suggest_deduct,confidence,sort_order,create_time) VALUES (3000200143,3000110029,4,'DEEPSEEK','src/Main.java','CODE_ISSUE','MINOR','缺少设计说明','补充 README、接口文档与设计说明。',6.00,0.84,4,NOW());
INSERT INTO ai_analysis_detail (id,ai_analysis_id,dimension_id,agent_type,file_path,issue_type,severity,reason,suggestion,suggest_deduct,confidence,sort_order,create_time) VALUES (3000200144,3000110029,5,'DEEPSEEK','src/Main.java','CODE_ISSUE','MINOR','提交信息不规范、粒度过大','规范提交信息，控制提交粒度，善用分支。',3.00,0.93,5,NOW());
INSERT INTO teacher_review (id,submission_id,reviewer_id,teacher_comment,status,review_time,publish_time,version,create_time) VALUES (3000310029,3000010029,2,'整体完成度不错，核心功能实现完整，建议加强异常处理与边界校验。','PUBLISHED','2026-05-19 14:25:00','2026-05-19 15:25:00',0,NOW());
INSERT INTO score_record (id,submission_id,user_id,training_task_id,total_score,ai_total_score,teacher_comment,status,publish_time,version,create_time) VALUES (3000410029,3000010029,3000000029,1,69.00,66.00,NULL,'PUBLISHED','2026-05-19 15:25:00',0,NOW());
INSERT INTO submission (id,training_task_id,user_id,submit_type,summary,submit_count,submit_time,is_late,status,deleted,version,create_time) VALUES (3000010030,1,3000000030,'ZIP_UPLOAD','实训成果提交',1,'2026-05-18 15:30:00',0,'REJECTED',0,0,NOW());
INSERT INTO ai_analysis (id,submission_id,total_score,analysis_status,analysis_time_ms,model_provider,model_name,token_input,token_output,token_total,retry_count,raw_response,start_time,complete_time,version,create_time) VALUES (3000110030,3000010030,75.00,'COMPLETED',11968,'DEEPSEEK+QWEN','deepseek-chat',2522,1318,3840,0,JSON_OBJECT('seeded',true),'2026-05-18 15:30:00','2026-05-18 15:30:00',0,NOW());
INSERT INTO ai_analysis_detail (id,ai_analysis_id,dimension_id,agent_type,file_path,issue_type,severity,reason,suggestion,suggest_deduct,confidence,sort_order,create_time) VALUES (3000200145,3000110030,1,'DEEPSEEK','src/Main.java','CODE_ISSUE','MINOR','存在魔法数字与超长方法','统一命名、补充注释、消除魔法数字。',6.00,0.72,1,NOW());
INSERT INTO ai_analysis_detail (id,ai_analysis_id,dimension_id,agent_type,file_path,issue_type,severity,reason,suggestion,suggest_deduct,confidence,sort_order,create_time) VALUES (3000200146,3000110030,2,'DEEPSEEK','src/Main.java','CODE_ISSUE','MAJOR','核心流程已实现，边界场景缺失','对照任务书补齐缺失功能并完善边界处理。',7.00,0.92,2,NOW());
INSERT INTO ai_analysis_detail (id,ai_analysis_id,dimension_id,agent_type,file_path,issue_type,severity,reason,suggestion,suggest_deduct,confidence,sort_order,create_time) VALUES (3000200147,3000110030,3,'DEEPSEEK','src/Main.java','CODE_ISSUE','MINOR','缺少设计亮点与抽象','引入合理分层与抽象，提炼可复用组件。',5.00,0.77,3,NOW());
INSERT INTO ai_analysis_detail (id,ai_analysis_id,dimension_id,agent_type,file_path,issue_type,severity,reason,suggestion,suggest_deduct,confidence,sort_order,create_time) VALUES (3000200148,3000110030,4,'DEEPSEEK','src/Main.java','CODE_ISSUE','MINOR','缺少设计说明','补充 README、接口文档与设计说明。',4.00,0.83,4,NOW());
INSERT INTO ai_analysis_detail (id,ai_analysis_id,dimension_id,agent_type,file_path,issue_type,severity,reason,suggestion,suggest_deduct,confidence,sort_order,create_time) VALUES (3000200149,3000110030,5,'DEEPSEEK','src/Main.java','CODE_ISSUE','MINOR','提交信息不规范、粒度过大','规范提交信息，控制提交粒度，善用分支。',3.00,0.84,5,NOW());
INSERT INTO teacher_review (id,submission_id,reviewer_id,teacher_comment,status,review_time,publish_time,version,create_time) VALUES (3000310030,3000010030,2,'整体完成度不错，核心功能实现完整，建议加强异常处理与边界校验。','PUBLISHED','2026-05-20 14:30:00','2026-05-20 15:30:00',0,NOW());

-- 任务 2 提交/AI/复核/成绩
INSERT INTO submission (id,training_task_id,user_id,submit_type,summary,submit_count,submit_time,is_late,status,deleted,version,create_time) VALUES (3000020001,2,3000000001,'ZIP_UPLOAD','实训成果提交',1,'2026-06-17 10:07:00',0,'SUBMITTED',0,0,NOW());
INSERT INTO ai_analysis (id,submission_id,total_score,analysis_status,analysis_time_ms,model_provider,model_name,token_input,token_output,token_total,retry_count,raw_response,start_time,complete_time,version,create_time) VALUES (3000120001,3000020001,62.00,'COMPLETED',9887,'DEEPSEEK+QWEN','deepseek-chat',2453,1252,3705,0,JSON_OBJECT('seeded',true),'2026-06-17 10:07:00','2026-06-17 10:07:00',0,NOW());
INSERT INTO ai_analysis_detail (id,ai_analysis_id,dimension_id,agent_type,file_path,issue_type,severity,reason,suggestion,suggest_deduct,confidence,sort_order,create_time) VALUES (3000200150,3000120001,1,'DEEPSEEK','src/Main.java','CODE_ISSUE','MAJOR','命名不统一、缺少必要注释','统一命名、补充注释、消除魔法数字。',10.00,0.93,1,NOW());
INSERT INTO ai_analysis_detail (id,ai_analysis_id,dimension_id,agent_type,file_path,issue_type,severity,reason,suggestion,suggest_deduct,confidence,sort_order,create_time) VALUES (3000200151,3000120001,2,'DEEPSEEK','src/Main.java','CODE_ISSUE','MAJOR','核心流程已实现，边界场景缺失','对照任务书补齐缺失功能并完善边界处理。',13.00,0.9,2,NOW());
INSERT INTO ai_analysis_detail (id,ai_analysis_id,dimension_id,agent_type,file_path,issue_type,severity,reason,suggestion,suggest_deduct,confidence,sort_order,create_time) VALUES (3000200152,3000120001,3,'DEEPSEEK','src/Main.java','CODE_ISSUE','MAJOR','有一定创新点','引入合理分层与抽象，提炼可复用组件。',7.00,0.82,3,NOW());
INSERT INTO ai_analysis_detail (id,ai_analysis_id,dimension_id,agent_type,file_path,issue_type,severity,reason,suggestion,suggest_deduct,confidence,sort_order,create_time) VALUES (3000200153,3000120001,4,'DEEPSEEK','src/Main.java','CODE_ISSUE','MINOR','README 不完整，缺接口文档','补充 README、接口文档与设计说明。',5.00,0.75,4,NOW());
INSERT INTO ai_analysis_detail (id,ai_analysis_id,dimension_id,agent_type,file_path,issue_type,severity,reason,suggestion,suggest_deduct,confidence,sort_order,create_time) VALUES (3000200154,3000120001,5,'DEEPSEEK','src/Main.java','CODE_ISSUE','MINOR','分支与提交记录规范','规范提交信息，控制提交粒度，善用分支。',3.00,0.78,5,NOW());
INSERT INTO teacher_review (id,submission_id,reviewer_id,teacher_comment,status,review_time,publish_time,version,create_time) VALUES (3000320001,3000020001,2,'完成质量较高，注释充分，可读性好，继续保持。','PUBLISHED','2026-06-19 14:05:00','2026-06-19 15:05:00',0,NOW());
INSERT INTO score_record (id,submission_id,user_id,training_task_id,total_score,ai_total_score,teacher_comment,status,publish_time,version,create_time) VALUES (3000420001,3000020001,3000000001,2,65.00,62.00,NULL,'PUBLISHED','2026-06-19 15:05:00',0,NOW());
INSERT INTO submission (id,training_task_id,user_id,submit_type,summary,submit_count,submit_time,is_late,status,deleted,version,create_time) VALUES (3000020002,2,3000000002,'ZIP_UPLOAD','实训成果提交',1,'2026-06-18 11:14:00',0,'SUBMITTED',0,0,NOW());
INSERT INTO ai_analysis (id,submission_id,total_score,analysis_status,analysis_time_ms,model_provider,model_name,token_input,token_output,token_total,retry_count,raw_response,start_time,complete_time,version,create_time) VALUES (3000120002,3000020002,53.00,'COMPLETED',11209,'DEEPSEEK+QWEN','deepseek-chat',1917,917,2834,0,JSON_OBJECT('seeded',true),'2026-06-18 11:14:00','2026-06-18 11:14:00',0,NOW());
INSERT INTO ai_analysis_detail (id,ai_analysis_id,dimension_id,agent_type,file_path,issue_type,severity,reason,suggestion,suggest_deduct,confidence,sort_order,create_time) VALUES (3000200155,3000120002,1,'DEEPSEEK','src/Main.java','CODE_ISSUE','MAJOR','存在魔法数字与超长方法','统一命名、补充注释、消除魔法数字。',12.00,0.93,1,NOW());
INSERT INTO ai_analysis_detail (id,ai_analysis_id,dimension_id,agent_type,file_path,issue_type,severity,reason,suggestion,suggest_deduct,confidence,sort_order,create_time) VALUES (3000200156,3000120002,2,'DEEPSEEK','src/Main.java','CODE_ISSUE','MAJOR','需求实现完整、演示正常','对照任务书补齐缺失功能并完善边界处理。',15.00,0.83,2,NOW());
INSERT INTO ai_analysis_detail (id,ai_analysis_id,dimension_id,agent_type,file_path,issue_type,severity,reason,suggestion,suggest_deduct,confidence,sort_order,create_time) VALUES (3000200157,3000120002,3,'DEEPSEEK','src/Main.java','CODE_ISSUE','MAJOR','缺少设计亮点与抽象','引入合理分层与抽象，提炼可复用组件。',10.00,0.9,3,NOW());
INSERT INTO ai_analysis_detail (id,ai_analysis_id,dimension_id,agent_type,file_path,issue_type,severity,reason,suggestion,suggest_deduct,confidence,sort_order,create_time) VALUES (3000200158,3000120002,4,'DEEPSEEK','src/Main.java','CODE_ISSUE','MINOR','README 不完整，缺接口文档','补充 README、接口文档与设计说明。',6.00,0.73,4,NOW());
INSERT INTO ai_analysis_detail (id,ai_analysis_id,dimension_id,agent_type,file_path,issue_type,severity,reason,suggestion,suggest_deduct,confidence,sort_order,create_time) VALUES (3000200159,3000120002,5,'DEEPSEEK','src/Main.java','CODE_ISSUE','MINOR','提交信息不规范、粒度过大','规范提交信息，控制提交粒度，善用分支。',4.00,0.83,5,NOW());
INSERT INTO teacher_review (id,submission_id,reviewer_id,teacher_comment,status,review_time,publish_time,version,create_time) VALUES (3000320002,3000020002,2,'需求实现存在遗漏，部分接口未联调，建议对照任务书自查。','PUBLISHED','2026-06-20 14:10:00','2026-06-20 15:10:00',0,NOW());
INSERT INTO score_record (id,submission_id,user_id,training_task_id,total_score,ai_total_score,teacher_comment,status,publish_time,version,create_time) VALUES (3000420002,3000020002,3000000002,2,52.00,53.00,NULL,'PUBLISHED','2026-06-20 15:10:00',0,NOW());
INSERT INTO submission (id,training_task_id,user_id,submit_type,summary,submit_count,submit_time,is_late,status,deleted,version,create_time) VALUES (3000020003,2,3000000003,'ZIP_UPLOAD','实训成果提交',1,'2026-06-19 12:21:00',0,'SUBMITTED',0,0,NOW());
INSERT INTO ai_analysis (id,submission_id,total_score,analysis_status,analysis_time_ms,model_provider,model_name,token_input,token_output,token_total,retry_count,raw_response,start_time,complete_time,version,create_time) VALUES (3000120003,3000020003,55.00,'COMPLETED',11249,'DEEPSEEK+QWEN','deepseek-chat',1878,728,2606,0,JSON_OBJECT('seeded',true),'2026-06-19 12:21:00','2026-06-19 12:21:00',0,NOW());
INSERT INTO ai_analysis_detail (id,ai_analysis_id,dimension_id,agent_type,file_path,issue_type,severity,reason,suggestion,suggest_deduct,confidence,sort_order,create_time) VALUES (3000200160,3000120003,1,'DEEPSEEK','src/Main.java','CODE_ISSUE','MAJOR','命名不统一、缺少必要注释','统一命名、补充注释、消除魔法数字。',11.00,0.78,1,NOW());
INSERT INTO ai_analysis_detail (id,ai_analysis_id,dimension_id,agent_type,file_path,issue_type,severity,reason,suggestion,suggest_deduct,confidence,sort_order,create_time) VALUES (3000200161,3000120003,2,'DEEPSEEK','src/Main.java','CODE_ISSUE','MAJOR','需求实现完整、演示正常','对照任务书补齐缺失功能并完善边界处理。',14.00,0.95,2,NOW());
INSERT INTO ai_analysis_detail (id,ai_analysis_id,dimension_id,agent_type,file_path,issue_type,severity,reason,suggestion,suggest_deduct,confidence,sort_order,create_time) VALUES (3000200162,3000120003,3,'DEEPSEEK','src/Main.java','CODE_ISSUE','MAJOR','架构分层合理，存在优化空间','引入合理分层与抽象，提炼可复用组件。',8.00,0.89,3,NOW());
INSERT INTO ai_analysis_detail (id,ai_analysis_id,dimension_id,agent_type,file_path,issue_type,severity,reason,suggestion,suggest_deduct,confidence,sort_order,create_time) VALUES (3000200163,3000120003,4,'DEEPSEEK','src/Main.java','CODE_ISSUE','MINOR','README 不完整，缺接口文档','补充 README、接口文档与设计说明。',6.00,0.75,4,NOW());
INSERT INTO ai_analysis_detail (id,ai_analysis_id,dimension_id,agent_type,file_path,issue_type,severity,reason,suggestion,suggest_deduct,confidence,sort_order,create_time) VALUES (3000200164,3000120003,5,'DEEPSEEK','src/Main.java','CODE_ISSUE','MINOR','提交记录偏少','规范提交信息，控制提交粒度，善用分支。',6.00,0.95,5,NOW());
INSERT INTO teacher_review (id,submission_id,reviewer_id,teacher_comment,status,review_time,publish_time,version,create_time) VALUES (3000320003,3000020003,2,'代码结构清晰，命名规范到位；文档略显单薄，可补充接口说明。','PUBLISHED','2026-06-21 14:15:00','2026-06-21 15:15:00',0,NOW());
INSERT INTO score_record (id,submission_id,user_id,training_task_id,total_score,ai_total_score,teacher_comment,status,publish_time,version,create_time) VALUES (3000420003,3000020003,3000000003,2,56.00,55.00,NULL,'PUBLISHED','2026-06-21 15:15:00',0,NOW());
INSERT INTO submission (id,training_task_id,user_id,submit_type,summary,submit_count,submit_time,is_late,status,deleted,version,create_time) VALUES (3000020004,2,3000000004,'ZIP_UPLOAD','实训成果提交',1,'2026-06-20 13:28:00',0,'SUBMITTED',0,0,NOW());
INSERT INTO ai_analysis (id,submission_id,total_score,analysis_status,analysis_time_ms,model_provider,model_name,token_input,token_output,token_total,retry_count,raw_response,start_time,complete_time,version,create_time) VALUES (3000120004,3000020004,66.00,'COMPLETED',11278,'DEEPSEEK+QWEN','deepseek-chat',2432,930,3362,0,JSON_OBJECT('seeded',true),'2026-06-20 13:28:00','2026-06-20 13:28:00',0,NOW());
INSERT INTO ai_analysis_detail (id,ai_analysis_id,dimension_id,agent_type,file_path,issue_type,severity,reason,suggestion,suggest_deduct,confidence,sort_order,create_time) VALUES (3000200165,3000120004,1,'DEEPSEEK','src/Main.java','CODE_ISSUE','MAJOR','命名不统一、缺少必要注释','统一命名、补充注释、消除魔法数字。',9.00,0.94,1,NOW());
INSERT INTO ai_analysis_detail (id,ai_analysis_id,dimension_id,agent_type,file_path,issue_type,severity,reason,suggestion,suggest_deduct,confidence,sort_order,create_time) VALUES (3000200166,3000120004,2,'DEEPSEEK','src/Main.java','CODE_ISSUE','MAJOR','部分功能未完成','对照任务书补齐缺失功能并完善边界处理。',10.00,0.89,2,NOW());
INSERT INTO ai_analysis_detail (id,ai_analysis_id,dimension_id,agent_type,file_path,issue_type,severity,reason,suggestion,suggest_deduct,confidence,sort_order,create_time) VALUES (3000200167,3000120004,3,'DEEPSEEK','src/Main.java','CODE_ISSUE','MAJOR','有一定创新点','引入合理分层与抽象，提炼可复用组件。',8.00,0.88,3,NOW());
INSERT INTO ai_analysis_detail (id,ai_analysis_id,dimension_id,agent_type,file_path,issue_type,severity,reason,suggestion,suggest_deduct,confidence,sort_order,create_time) VALUES (3000200168,3000120004,4,'DEEPSEEK','src/Main.java','CODE_ISSUE','MINOR','文档结构清晰、内容充分','补充 README、接口文档与设计说明。',5.00,0.72,4,NOW());
INSERT INTO ai_analysis_detail (id,ai_analysis_id,dimension_id,agent_type,file_path,issue_type,severity,reason,suggestion,suggest_deduct,confidence,sort_order,create_time) VALUES (3000200169,3000120004,5,'DEEPSEEK','src/Main.java','CODE_ISSUE','INFO','提交信息不规范、粒度过大','规范提交信息，控制提交粒度，善用分支。',2.00,0.87,5,NOW());
INSERT INTO teacher_review (id,submission_id,reviewer_id,teacher_comment,status,review_time,publish_time,version,create_time) VALUES (3000320004,3000020004,2,'整体完成度不错，核心功能实现完整，建议加强异常处理与边界校验。','PUBLISHED','2026-06-22 14:20:00','2026-06-22 15:20:00',0,NOW());
INSERT INTO score_record (id,submission_id,user_id,training_task_id,total_score,ai_total_score,teacher_comment,status,publish_time,version,create_time) VALUES (3000420004,3000020004,3000000004,2,66.00,66.00,NULL,'PUBLISHED','2026-06-22 15:20:00',0,NOW());
INSERT INTO submission (id,training_task_id,user_id,submit_type,summary,submit_count,submit_time,is_late,status,deleted,version,create_time) VALUES (3000020005,2,3000000005,'ZIP_UPLOAD','实训成果提交',1,'2026-06-21 14:35:00',0,'SUBMITTED',0,0,NOW());
INSERT INTO ai_analysis (id,submission_id,total_score,analysis_status,analysis_time_ms,model_provider,model_name,token_input,token_output,token_total,retry_count,raw_response,start_time,complete_time,version,create_time) VALUES (3000120005,3000020005,69.00,'COMPLETED',7324,'DEEPSEEK+QWEN','deepseek-chat',2196,1259,3455,0,JSON_OBJECT('seeded',true),'2026-06-21 14:35:00','2026-06-21 14:35:00',0,NOW());
INSERT INTO ai_analysis_detail (id,ai_analysis_id,dimension_id,agent_type,file_path,issue_type,severity,reason,suggestion,suggest_deduct,confidence,sort_order,create_time) VALUES (3000200170,3000120005,1,'DEEPSEEK','src/Main.java','CODE_ISSUE','MAJOR','命名不统一、缺少必要注释','统一命名、补充注释、消除魔法数字。',7.00,0.86,1,NOW());
INSERT INTO ai_analysis_detail (id,ai_analysis_id,dimension_id,agent_type,file_path,issue_type,severity,reason,suggestion,suggest_deduct,confidence,sort_order,create_time) VALUES (3000200171,3000120005,2,'DEEPSEEK','src/Main.java','CODE_ISSUE','MAJOR','核心流程已实现，边界场景缺失','对照任务书补齐缺失功能并完善边界处理。',9.00,0.91,2,NOW());
INSERT INTO ai_analysis_detail (id,ai_analysis_id,dimension_id,agent_type,file_path,issue_type,severity,reason,suggestion,suggest_deduct,confidence,sort_order,create_time) VALUES (3000200172,3000120005,3,'DEEPSEEK','src/Main.java','CODE_ISSUE','MAJOR','有一定创新点','引入合理分层与抽象，提炼可复用组件。',7.00,0.74,3,NOW());
INSERT INTO ai_analysis_detail (id,ai_analysis_id,dimension_id,agent_type,file_path,issue_type,severity,reason,suggestion,suggest_deduct,confidence,sort_order,create_time) VALUES (3000200173,3000120005,4,'DEEPSEEK','src/Main.java','CODE_ISSUE','MINOR','缺少设计说明','补充 README、接口文档与设计说明。',6.00,0.9,4,NOW());
INSERT INTO ai_analysis_detail (id,ai_analysis_id,dimension_id,agent_type,file_path,issue_type,severity,reason,suggestion,suggest_deduct,confidence,sort_order,create_time) VALUES (3000200174,3000120005,5,'DEEPSEEK','src/Main.java','CODE_ISSUE','INFO','提交信息不规范、粒度过大','规范提交信息，控制提交粒度，善用分支。',2.00,0.88,5,NOW());
INSERT INTO teacher_review (id,submission_id,reviewer_id,teacher_comment,status,review_time,publish_time,version,create_time) VALUES (3000320005,3000020005,2,'整体完成度不错，核心功能实现完整，建议加强异常处理与边界校验。','PUBLISHED','2026-06-23 14:25:00','2026-06-23 15:25:00',0,NOW());
INSERT INTO score_record (id,submission_id,user_id,training_task_id,total_score,ai_total_score,teacher_comment,status,publish_time,version,create_time) VALUES (3000420005,3000020005,3000000005,2,67.00,69.00,NULL,'PUBLISHED','2026-06-23 15:25:00',0,NOW());
INSERT INTO submission (id,training_task_id,user_id,submit_type,summary,submit_count,submit_time,is_late,status,deleted,version,create_time) VALUES (3000020006,2,3000000006,'ZIP_UPLOAD','实训成果提交',1,'2026-06-22 15:42:00',0,'SUBMITTED',0,0,NOW());
INSERT INTO ai_analysis (id,submission_id,total_score,analysis_status,analysis_time_ms,model_provider,model_name,token_input,token_output,token_total,retry_count,raw_response,start_time,complete_time,version,create_time) VALUES (3000120006,3000020006,64.00,'COMPLETED',10767,'DEEPSEEK+QWEN','deepseek-chat',1929,1372,3301,0,JSON_OBJECT('seeded',true),'2026-06-22 15:42:00','2026-06-22 15:42:00',0,NOW());
INSERT INTO ai_analysis_detail (id,ai_analysis_id,dimension_id,agent_type,file_path,issue_type,severity,reason,suggestion,suggest_deduct,confidence,sort_order,create_time) VALUES (3000200175,3000120006,1,'DEEPSEEK','src/Main.java','CODE_ISSUE','MAJOR','命名不统一、缺少必要注释','统一命名、补充注释、消除魔法数字。',10.00,0.73,1,NOW());
INSERT INTO ai_analysis_detail (id,ai_analysis_id,dimension_id,agent_type,file_path,issue_type,severity,reason,suggestion,suggest_deduct,confidence,sort_order,create_time) VALUES (3000200176,3000120006,2,'DEEPSEEK','src/Main.java','CODE_ISSUE','MAJOR','核心流程已实现，边界场景缺失','对照任务书补齐缺失功能并完善边界处理。',9.00,0.79,2,NOW());
INSERT INTO ai_analysis_detail (id,ai_analysis_id,dimension_id,agent_type,file_path,issue_type,severity,reason,suggestion,suggest_deduct,confidence,sort_order,create_time) VALUES (3000200177,3000120006,3,'DEEPSEEK','src/Main.java','CODE_ISSUE','MINOR','有一定创新点','引入合理分层与抽象，提炼可复用组件。',6.00,0.72,3,NOW());
INSERT INTO ai_analysis_detail (id,ai_analysis_id,dimension_id,agent_type,file_path,issue_type,severity,reason,suggestion,suggest_deduct,confidence,sort_order,create_time) VALUES (3000200178,3000120006,4,'DEEPSEEK','src/Main.java','CODE_ISSUE','MAJOR','缺少设计说明','补充 README、接口文档与设计说明。',7.00,0.88,4,NOW());
INSERT INTO ai_analysis_detail (id,ai_analysis_id,dimension_id,agent_type,file_path,issue_type,severity,reason,suggestion,suggest_deduct,confidence,sort_order,create_time) VALUES (3000200179,3000120006,5,'DEEPSEEK','src/Main.java','CODE_ISSUE','MINOR','提交记录偏少','规范提交信息，控制提交粒度，善用分支。',4.00,0.85,5,NOW());
INSERT INTO teacher_review (id,submission_id,reviewer_id,teacher_comment,status,review_time,publish_time,version,create_time) VALUES (3000320006,3000020006,2,'功能基本实现，但存在硬编码与重复代码，建议抽取公共方法。','PUBLISHED','2026-06-24 14:30:00','2026-06-24 15:30:00',0,NOW());
INSERT INTO score_record (id,submission_id,user_id,training_task_id,total_score,ai_total_score,teacher_comment,status,publish_time,version,create_time) VALUES (3000420006,3000020006,3000000006,2,67.00,64.00,NULL,'PUBLISHED','2026-06-24 15:30:00',0,NOW());
INSERT INTO submission (id,training_task_id,user_id,submit_type,summary,submit_count,submit_time,is_late,status,deleted,version,create_time) VALUES (3000020007,2,3000000007,'ZIP_UPLOAD','实训成果提交',1,'2026-06-23 16:49:00',0,'SUBMITTED',0,0,NOW());
INSERT INTO ai_analysis (id,submission_id,total_score,analysis_status,analysis_time_ms,model_provider,model_name,token_input,token_output,token_total,retry_count,raw_response,start_time,complete_time,version,create_time) VALUES (3000120007,3000020007,50.00,'COMPLETED',10341,'DEEPSEEK+QWEN','deepseek-chat',3138,1054,4192,0,JSON_OBJECT('seeded',true),'2026-06-23 16:49:00','2026-06-23 16:49:00',0,NOW());
INSERT INTO ai_analysis_detail (id,ai_analysis_id,dimension_id,agent_type,file_path,issue_type,severity,reason,suggestion,suggest_deduct,confidence,sort_order,create_time) VALUES (3000200180,3000120007,1,'DEEPSEEK','src/Main.java','CODE_ISSUE','MAJOR','风格良好，个别处可优化','统一命名、补充注释、消除魔法数字。',14.00,0.77,1,NOW());
INSERT INTO ai_analysis_detail (id,ai_analysis_id,dimension_id,agent_type,file_path,issue_type,severity,reason,suggestion,suggest_deduct,confidence,sort_order,create_time) VALUES (3000200181,3000120007,2,'DEEPSEEK','src/Main.java','CODE_ISSUE','MAJOR','需求实现完整、演示正常','对照任务书补齐缺失功能并完善边界处理。',16.00,0.87,2,NOW());
INSERT INTO ai_analysis_detail (id,ai_analysis_id,dimension_id,agent_type,file_path,issue_type,severity,reason,suggestion,suggest_deduct,confidence,sort_order,create_time) VALUES (3000200182,3000120007,3,'DEEPSEEK','src/Main.java','CODE_ISSUE','MAJOR','缺少设计亮点与抽象','引入合理分层与抽象，提炼可复用组件。',9.00,0.91,3,NOW());
INSERT INTO ai_analysis_detail (id,ai_analysis_id,dimension_id,agent_type,file_path,issue_type,severity,reason,suggestion,suggest_deduct,confidence,sort_order,create_time) VALUES (3000200183,3000120007,4,'DEEPSEEK','src/Main.java','CODE_ISSUE','MAJOR','README 不完整，缺接口文档','补充 README、接口文档与设计说明。',7.00,0.84,4,NOW());
INSERT INTO ai_analysis_detail (id,ai_analysis_id,dimension_id,agent_type,file_path,issue_type,severity,reason,suggestion,suggest_deduct,confidence,sort_order,create_time) VALUES (3000200184,3000120007,5,'DEEPSEEK','src/Main.java','CODE_ISSUE','MINOR','提交信息不规范、粒度过大','规范提交信息，控制提交粒度，善用分支。',4.00,0.75,5,NOW());
INSERT INTO teacher_review (id,submission_id,reviewer_id,teacher_comment,status,review_time,publish_time,version,create_time) VALUES (3000320007,3000020007,2,'完成质量较高，注释充分，可读性好，继续保持。','PUBLISHED','2026-06-25 14:35:00','2026-06-25 15:35:00',0,NOW());
INSERT INTO score_record (id,submission_id,user_id,training_task_id,total_score,ai_total_score,teacher_comment,status,publish_time,version,create_time) VALUES (3000420007,3000020007,3000000007,2,52.00,50.00,NULL,'PUBLISHED','2026-06-25 15:35:00',0,NOW());
INSERT INTO submission (id,training_task_id,user_id,submit_type,summary,submit_count,submit_time,is_late,status,deleted,version,create_time) VALUES (3000020008,2,3000000008,'ZIP_UPLOAD','实训成果提交',1,'2026-06-24 09:56:00',0,'SUBMITTED',0,0,NOW());
INSERT INTO ai_analysis (id,submission_id,total_score,analysis_status,analysis_time_ms,model_provider,model_name,token_input,token_output,token_total,retry_count,raw_response,start_time,complete_time,version,create_time) VALUES (3000120008,3000020008,54.00,'COMPLETED',7906,'DEEPSEEK+QWEN','deepseek-chat',2088,987,3075,0,JSON_OBJECT('seeded',true),'2026-06-24 09:56:00','2026-06-24 09:56:00',0,NOW());
INSERT INTO ai_analysis_detail (id,ai_analysis_id,dimension_id,agent_type,file_path,issue_type,severity,reason,suggestion,suggest_deduct,confidence,sort_order,create_time) VALUES (3000200185,3000120008,1,'DEEPSEEK','src/Main.java','CODE_ISSUE','MAJOR','存在魔法数字与超长方法','统一命名、补充注释、消除魔法数字。',11.00,0.79,1,NOW());
INSERT INTO ai_analysis_detail (id,ai_analysis_id,dimension_id,agent_type,file_path,issue_type,severity,reason,suggestion,suggest_deduct,confidence,sort_order,create_time) VALUES (3000200186,3000120008,2,'DEEPSEEK','src/Main.java','CODE_ISSUE','MAJOR','需求实现完整、演示正常','对照任务书补齐缺失功能并完善边界处理。',16.00,0.91,2,NOW());
INSERT INTO ai_analysis_detail (id,ai_analysis_id,dimension_id,agent_type,file_path,issue_type,severity,reason,suggestion,suggest_deduct,confidence,sort_order,create_time) VALUES (3000200187,3000120008,3,'DEEPSEEK','src/Main.java','CODE_ISSUE','MAJOR','架构分层合理，存在优化空间','引入合理分层与抽象，提炼可复用组件。',8.00,0.78,3,NOW());
INSERT INTO ai_analysis_detail (id,ai_analysis_id,dimension_id,agent_type,file_path,issue_type,severity,reason,suggestion,suggest_deduct,confidence,sort_order,create_time) VALUES (3000200188,3000120008,4,'DEEPSEEK','src/Main.java','CODE_ISSUE','MINOR','文档结构清晰、内容充分','补充 README、接口文档与设计说明。',6.00,0.87,4,NOW());
INSERT INTO ai_analysis_detail (id,ai_analysis_id,dimension_id,agent_type,file_path,issue_type,severity,reason,suggestion,suggest_deduct,confidence,sort_order,create_time) VALUES (3000200189,3000120008,5,'DEEPSEEK','src/Main.java','CODE_ISSUE','MINOR','分支与提交记录规范','规范提交信息，控制提交粒度，善用分支。',5.00,0.91,5,NOW());
INSERT INTO teacher_review (id,submission_id,reviewer_id,teacher_comment,status,review_time,publish_time,version,create_time) VALUES (3000320008,3000020008,2,'整体完成度不错，核心功能实现完整，建议加强异常处理与边界校验。','PUBLISHED','2026-06-26 14:40:00','2026-06-26 15:40:00',0,NOW());
INSERT INTO score_record (id,submission_id,user_id,training_task_id,total_score,ai_total_score,teacher_comment,status,publish_time,version,create_time) VALUES (3000420008,3000020008,3000000008,2,51.00,54.00,NULL,'PUBLISHED','2026-06-26 15:40:00',0,NOW());
INSERT INTO submission (id,training_task_id,user_id,submit_type,summary,submit_count,submit_time,is_late,status,deleted,version,create_time) VALUES (3000020009,2,3000000009,'ZIP_UPLOAD','实训成果提交',1,'2026-06-25 10:03:00',0,'SUBMITTED',0,0,NOW());
INSERT INTO ai_analysis (id,submission_id,total_score,analysis_status,analysis_time_ms,model_provider,model_name,token_input,token_output,token_total,retry_count,raw_response,start_time,complete_time,version,create_time) VALUES (3000120009,3000020009,73.00,'COMPLETED',7637,'DEEPSEEK+QWEN','deepseek-chat',2181,1083,3264,0,JSON_OBJECT('seeded',true),'2026-06-25 10:03:00','2026-06-25 10:03:00',0,NOW());
INSERT INTO ai_analysis_detail (id,ai_analysis_id,dimension_id,agent_type,file_path,issue_type,severity,reason,suggestion,suggest_deduct,confidence,sort_order,create_time) VALUES (3000200190,3000120009,1,'DEEPSEEK','src/Main.java','CODE_ISSUE','MINOR','命名不统一、缺少必要注释','统一命名、补充注释、消除魔法数字。',6.00,0.84,1,NOW());
INSERT INTO ai_analysis_detail (id,ai_analysis_id,dimension_id,agent_type,file_path,issue_type,severity,reason,suggestion,suggest_deduct,confidence,sort_order,create_time) VALUES (3000200191,3000120009,2,'DEEPSEEK','src/Main.java','CODE_ISSUE','MAJOR','需求实现完整、演示正常','对照任务书补齐缺失功能并完善边界处理。',8.00,0.85,2,NOW());
INSERT INTO ai_analysis_detail (id,ai_analysis_id,dimension_id,agent_type,file_path,issue_type,severity,reason,suggestion,suggest_deduct,confidence,sort_order,create_time) VALUES (3000200192,3000120009,3,'DEEPSEEK','src/Main.java','CODE_ISSUE','MINOR','缺少设计亮点与抽象','引入合理分层与抽象，提炼可复用组件。',6.00,0.86,3,NOW());
INSERT INTO ai_analysis_detail (id,ai_analysis_id,dimension_id,agent_type,file_path,issue_type,severity,reason,suggestion,suggest_deduct,confidence,sort_order,create_time) VALUES (3000200193,3000120009,4,'DEEPSEEK','src/Main.java','CODE_ISSUE','MINOR','缺少设计说明','补充 README、接口文档与设计说明。',4.00,0.73,4,NOW());
INSERT INTO ai_analysis_detail (id,ai_analysis_id,dimension_id,agent_type,file_path,issue_type,severity,reason,suggestion,suggest_deduct,confidence,sort_order,create_time) VALUES (3000200194,3000120009,5,'DEEPSEEK','src/Main.java','CODE_ISSUE','MINOR','分支与提交记录规范','规范提交信息，控制提交粒度，善用分支。',3.00,0.93,5,NOW());
INSERT INTO teacher_review (id,submission_id,reviewer_id,teacher_comment,status,review_time,publish_time,version,create_time) VALUES (3000320009,3000020009,2,'功能基本实现，但存在硬编码与重复代码，建议抽取公共方法。','PUBLISHED','2026-06-27 14:45:00','2026-06-27 15:45:00',0,NOW());
INSERT INTO score_record (id,submission_id,user_id,training_task_id,total_score,ai_total_score,teacher_comment,status,publish_time,version,create_time) VALUES (3000420009,3000020009,3000000009,2,74.00,73.00,NULL,'PUBLISHED','2026-06-27 15:45:00',0,NOW());
INSERT INTO submission (id,training_task_id,user_id,submit_type,summary,submit_count,submit_time,is_late,status,deleted,version,create_time) VALUES (3000020010,2,3000000010,'ZIP_UPLOAD','实训成果提交',1,'2026-06-26 11:10:00',0,'SUBMITTED',0,0,NOW());
INSERT INTO ai_analysis (id,submission_id,total_score,analysis_status,analysis_time_ms,model_provider,model_name,token_input,token_output,token_total,retry_count,raw_response,start_time,complete_time,version,create_time) VALUES (3000120010,3000020010,62.00,'COMPLETED',6271,'DEEPSEEK+QWEN','deepseek-chat',2123,1215,3338,0,JSON_OBJECT('seeded',true),'2026-06-26 11:10:00','2026-06-26 11:10:00',0,NOW());
INSERT INTO ai_analysis_detail (id,ai_analysis_id,dimension_id,agent_type,file_path,issue_type,severity,reason,suggestion,suggest_deduct,confidence,sort_order,create_time) VALUES (3000200195,3000120010,1,'DEEPSEEK','src/Main.java','CODE_ISSUE','MAJOR','存在魔法数字与超长方法','统一命名、补充注释、消除魔法数字。',9.00,0.9,1,NOW());
INSERT INTO ai_analysis_detail (id,ai_analysis_id,dimension_id,agent_type,file_path,issue_type,severity,reason,suggestion,suggest_deduct,confidence,sort_order,create_time) VALUES (3000200196,3000120010,2,'DEEPSEEK','src/Main.java','CODE_ISSUE','MAJOR','部分功能未完成','对照任务书补齐缺失功能并完善边界处理。',12.00,0.75,2,NOW());
INSERT INTO ai_analysis_detail (id,ai_analysis_id,dimension_id,agent_type,file_path,issue_type,severity,reason,suggestion,suggest_deduct,confidence,sort_order,create_time) VALUES (3000200197,3000120010,3,'DEEPSEEK','src/Main.java','CODE_ISSUE','MAJOR','架构分层合理，存在优化空间','引入合理分层与抽象，提炼可复用组件。',7.00,0.77,3,NOW());
INSERT INTO ai_analysis_detail (id,ai_analysis_id,dimension_id,agent_type,file_path,issue_type,severity,reason,suggestion,suggest_deduct,confidence,sort_order,create_time) VALUES (3000200198,3000120010,4,'DEEPSEEK','src/Main.java','CODE_ISSUE','MINOR','README 不完整，缺接口文档','补充 README、接口文档与设计说明。',6.00,0.89,4,NOW());
INSERT INTO ai_analysis_detail (id,ai_analysis_id,dimension_id,agent_type,file_path,issue_type,severity,reason,suggestion,suggest_deduct,confidence,sort_order,create_time) VALUES (3000200199,3000120010,5,'DEEPSEEK','src/Main.java','CODE_ISSUE','MINOR','提交信息不规范、粒度过大','规范提交信息，控制提交粒度，善用分支。',4.00,0.73,5,NOW());
INSERT INTO teacher_review (id,submission_id,reviewer_id,teacher_comment,status,review_time,publish_time,version,create_time) VALUES (3000320010,3000020010,2,'代码规范良好，安全性需注意，避免 SQL 拼接与明文密码。','PUBLISHED','2026-06-28 14:50:00','2026-06-28 15:50:00',0,NOW());
INSERT INTO score_record (id,submission_id,user_id,training_task_id,total_score,ai_total_score,teacher_comment,status,publish_time,version,create_time) VALUES (3000420010,3000020010,3000000010,2,66.00,62.00,NULL,'PUBLISHED','2026-06-28 15:50:00',0,NOW());
INSERT INTO submission (id,training_task_id,user_id,submit_type,summary,submit_count,submit_time,is_late,status,deleted,version,create_time) VALUES (3000020011,2,3000000011,'ZIP_UPLOAD','实训成果提交',1,'2026-06-27 12:17:00',0,'SUBMITTED',0,0,NOW());
INSERT INTO ai_analysis (id,submission_id,total_score,analysis_status,analysis_time_ms,model_provider,model_name,token_input,token_output,token_total,retry_count,raw_response,start_time,complete_time,version,create_time) VALUES (3000120011,3000020011,60.00,'COMPLETED',10047,'DEEPSEEK+QWEN','deepseek-chat',3193,856,4049,0,JSON_OBJECT('seeded',true),'2026-06-27 12:17:00','2026-06-27 12:17:00',0,NOW());
INSERT INTO ai_analysis_detail (id,ai_analysis_id,dimension_id,agent_type,file_path,issue_type,severity,reason,suggestion,suggest_deduct,confidence,sort_order,create_time) VALUES (3000200200,3000120011,1,'DEEPSEEK','src/Main.java','CODE_ISSUE','MAJOR','命名不统一、缺少必要注释','统一命名、补充注释、消除魔法数字。',10.00,0.91,1,NOW());
INSERT INTO ai_analysis_detail (id,ai_analysis_id,dimension_id,agent_type,file_path,issue_type,severity,reason,suggestion,suggest_deduct,confidence,sort_order,create_time) VALUES (3000200201,3000120011,2,'DEEPSEEK','src/Main.java','CODE_ISSUE','MAJOR','需求实现完整、演示正常','对照任务书补齐缺失功能并完善边界处理。',12.00,0.94,2,NOW());
INSERT INTO ai_analysis_detail (id,ai_analysis_id,dimension_id,agent_type,file_path,issue_type,severity,reason,suggestion,suggest_deduct,confidence,sort_order,create_time) VALUES (3000200202,3000120011,3,'DEEPSEEK','src/Main.java','CODE_ISSUE','MAJOR','缺少设计亮点与抽象','引入合理分层与抽象，提炼可复用组件。',8.00,0.8,3,NOW());
INSERT INTO ai_analysis_detail (id,ai_analysis_id,dimension_id,agent_type,file_path,issue_type,severity,reason,suggestion,suggest_deduct,confidence,sort_order,create_time) VALUES (3000200203,3000120011,4,'DEEPSEEK','src/Main.java','CODE_ISSUE','MINOR','缺少设计说明','补充 README、接口文档与设计说明。',6.00,0.74,4,NOW());
INSERT INTO ai_analysis_detail (id,ai_analysis_id,dimension_id,agent_type,file_path,issue_type,severity,reason,suggestion,suggest_deduct,confidence,sort_order,create_time) VALUES (3000200204,3000120011,5,'DEEPSEEK','src/Main.java','CODE_ISSUE','MINOR','分支与提交记录规范','规范提交信息，控制提交粒度，善用分支。',4.00,0.82,5,NOW());
INSERT INTO teacher_review (id,submission_id,reviewer_id,teacher_comment,status,review_time,publish_time,version,create_time) VALUES (3000320011,3000020011,2,'文档完整、结构规范，功能演示流畅，综合表现优秀。','PUBLISHED','2026-06-29 14:55:00','2026-06-29 15:55:00',0,NOW());
INSERT INTO score_record (id,submission_id,user_id,training_task_id,total_score,ai_total_score,teacher_comment,status,publish_time,version,create_time) VALUES (3000420011,3000020011,3000000011,2,57.00,60.00,NULL,'PUBLISHED','2026-06-29 15:55:00',0,NOW());
INSERT INTO submission (id,training_task_id,user_id,submit_type,summary,submit_count,submit_time,is_late,status,deleted,version,create_time) VALUES (3000020012,2,3000000012,'ZIP_UPLOAD','实训成果提交',1,'2026-06-28 13:24:00',0,'SUBMITTED',0,0,NOW());
INSERT INTO ai_analysis (id,submission_id,total_score,analysis_status,analysis_time_ms,model_provider,model_name,token_input,token_output,token_total,retry_count,raw_response,start_time,complete_time,version,create_time) VALUES (3000120012,3000020012,56.00,'COMPLETED',6766,'DEEPSEEK+QWEN','deepseek-chat',1815,1080,2895,0,JSON_OBJECT('seeded',true),'2026-06-28 13:24:00','2026-06-28 13:24:00',0,NOW());
INSERT INTO ai_analysis_detail (id,ai_analysis_id,dimension_id,agent_type,file_path,issue_type,severity,reason,suggestion,suggest_deduct,confidence,sort_order,create_time) VALUES (3000200205,3000120012,1,'DEEPSEEK','src/Main.java','CODE_ISSUE','MAJOR','风格良好，个别处可优化','统一命名、补充注释、消除魔法数字。',11.00,0.78,1,NOW());
INSERT INTO ai_analysis_detail (id,ai_analysis_id,dimension_id,agent_type,file_path,issue_type,severity,reason,suggestion,suggest_deduct,confidence,sort_order,create_time) VALUES (3000200206,3000120012,2,'DEEPSEEK','src/Main.java','CODE_ISSUE','MAJOR','核心流程已实现，边界场景缺失','对照任务书补齐缺失功能并完善边界处理。',12.00,0.93,2,NOW());
INSERT INTO ai_analysis_detail (id,ai_analysis_id,dimension_id,agent_type,file_path,issue_type,severity,reason,suggestion,suggest_deduct,confidence,sort_order,create_time) VALUES (3000200207,3000120012,3,'DEEPSEEK','src/Main.java','CODE_ISSUE','MAJOR','架构分层合理，存在优化空间','引入合理分层与抽象，提炼可复用组件。',9.00,0.89,3,NOW());
INSERT INTO ai_analysis_detail (id,ai_analysis_id,dimension_id,agent_type,file_path,issue_type,severity,reason,suggestion,suggest_deduct,confidence,sort_order,create_time) VALUES (3000200208,3000120012,4,'DEEPSEEK','src/Main.java','CODE_ISSUE','MAJOR','README 不完整，缺接口文档','补充 README、接口文档与设计说明。',7.00,0.83,4,NOW());
INSERT INTO ai_analysis_detail (id,ai_analysis_id,dimension_id,agent_type,file_path,issue_type,severity,reason,suggestion,suggest_deduct,confidence,sort_order,create_time) VALUES (3000200209,3000120012,5,'DEEPSEEK','src/Main.java','CODE_ISSUE','MINOR','提交记录偏少','规范提交信息，控制提交粒度，善用分支。',5.00,0.84,5,NOW());
INSERT INTO teacher_review (id,submission_id,reviewer_id,teacher_comment,status,review_time,publish_time,version,create_time) VALUES (3000320012,3000020012,2,'文档完整、结构规范，功能演示流畅，综合表现优秀。','PUBLISHED','2026-06-30 14:00:00','2026-06-30 15:00:00',0,NOW());
INSERT INTO score_record (id,submission_id,user_id,training_task_id,total_score,ai_total_score,teacher_comment,status,publish_time,version,create_time) VALUES (3000420012,3000020012,3000000012,2,55.00,56.00,NULL,'PUBLISHED','2026-06-30 15:00:00',0,NOW());
INSERT INTO submission (id,training_task_id,user_id,submit_type,summary,submit_count,submit_time,is_late,status,deleted,version,create_time) VALUES (3000020013,2,3000000013,'ZIP_UPLOAD','实训成果提交',1,'2026-06-29 14:31:00',0,'SUBMITTED',0,0,NOW());
INSERT INTO ai_analysis (id,submission_id,total_score,analysis_status,analysis_time_ms,model_provider,model_name,token_input,token_output,token_total,retry_count,raw_response,start_time,complete_time,version,create_time) VALUES (3000120013,3000020013,59.00,'COMPLETED',12981,'DEEPSEEK+QWEN','deepseek-chat',2064,922,2986,0,JSON_OBJECT('seeded',true),'2026-06-29 14:31:00','2026-06-29 14:31:00',0,NOW());
INSERT INTO ai_analysis_detail (id,ai_analysis_id,dimension_id,agent_type,file_path,issue_type,severity,reason,suggestion,suggest_deduct,confidence,sort_order,create_time) VALUES (3000200210,3000120013,1,'DEEPSEEK','src/Main.java','CODE_ISSUE','MAJOR','命名不统一、缺少必要注释','统一命名、补充注释、消除魔法数字。',10.00,0.94,1,NOW());
INSERT INTO ai_analysis_detail (id,ai_analysis_id,dimension_id,agent_type,file_path,issue_type,severity,reason,suggestion,suggest_deduct,confidence,sort_order,create_time) VALUES (3000200211,3000120013,2,'DEEPSEEK','src/Main.java','CODE_ISSUE','MAJOR','部分功能未完成','对照任务书补齐缺失功能并完善边界处理。',13.00,0.85,2,NOW());
INSERT INTO ai_analysis_detail (id,ai_analysis_id,dimension_id,agent_type,file_path,issue_type,severity,reason,suggestion,suggest_deduct,confidence,sort_order,create_time) VALUES (3000200212,3000120013,3,'DEEPSEEK','src/Main.java','CODE_ISSUE','MAJOR','有一定创新点','引入合理分层与抽象，提炼可复用组件。',9.00,0.84,3,NOW());
INSERT INTO ai_analysis_detail (id,ai_analysis_id,dimension_id,agent_type,file_path,issue_type,severity,reason,suggestion,suggest_deduct,confidence,sort_order,create_time) VALUES (3000200213,3000120013,4,'DEEPSEEK','src/Main.java','CODE_ISSUE','MINOR','README 不完整，缺接口文档','补充 README、接口文档与设计说明。',6.00,0.8,4,NOW());
INSERT INTO ai_analysis_detail (id,ai_analysis_id,dimension_id,agent_type,file_path,issue_type,severity,reason,suggestion,suggest_deduct,confidence,sort_order,create_time) VALUES (3000200214,3000120013,5,'DEEPSEEK','src/Main.java','CODE_ISSUE','MINOR','分支与提交记录规范','规范提交信息，控制提交粒度，善用分支。',3.00,0.74,5,NOW());
INSERT INTO teacher_review (id,submission_id,reviewer_id,teacher_comment,status,review_time,publish_time,version,create_time) VALUES (3000320013,3000020013,2,'代码规范良好，安全性需注意，避免 SQL 拼接与明文密码。','PUBLISHED','2026-07-01 14:05:00','2026-07-01 15:05:00',0,NOW());
INSERT INTO score_record (id,submission_id,user_id,training_task_id,total_score,ai_total_score,teacher_comment,status,publish_time,version,create_time) VALUES (3000420013,3000020013,3000000013,2,60.00,59.00,NULL,'PUBLISHED','2026-07-01 15:05:00',0,NOW());
INSERT INTO submission (id,training_task_id,user_id,submit_type,summary,submit_count,submit_time,is_late,status,deleted,version,create_time) VALUES (3000020014,2,3000000014,'ZIP_UPLOAD','实训成果提交',1,'2026-06-30 15:38:00',0,'SUBMITTED',0,0,NOW());
INSERT INTO ai_analysis (id,submission_id,total_score,analysis_status,analysis_time_ms,model_provider,model_name,token_input,token_output,token_total,retry_count,raw_response,start_time,complete_time,version,create_time) VALUES (3000120014,3000020014,65.00,'COMPLETED',8278,'DEEPSEEK+QWEN','deepseek-chat',2701,1168,3869,0,JSON_OBJECT('seeded',true),'2026-06-30 15:38:00','2026-06-30 15:38:00',0,NOW());
INSERT INTO ai_analysis_detail (id,ai_analysis_id,dimension_id,agent_type,file_path,issue_type,severity,reason,suggestion,suggest_deduct,confidence,sort_order,create_time) VALUES (3000200215,3000120014,1,'DEEPSEEK','src/Main.java','CODE_ISSUE','MAJOR','风格良好，个别处可优化','统一命名、补充注释、消除魔法数字。',8.00,0.84,1,NOW());
INSERT INTO ai_analysis_detail (id,ai_analysis_id,dimension_id,agent_type,file_path,issue_type,severity,reason,suggestion,suggest_deduct,confidence,sort_order,create_time) VALUES (3000200216,3000120014,2,'DEEPSEEK','src/Main.java','CODE_ISSUE','MAJOR','需求实现完整、演示正常','对照任务书补齐缺失功能并完善边界处理。',12.00,0.77,2,NOW());
INSERT INTO ai_analysis_detail (id,ai_analysis_id,dimension_id,agent_type,file_path,issue_type,severity,reason,suggestion,suggest_deduct,confidence,sort_order,create_time) VALUES (3000200217,3000120014,3,'DEEPSEEK','src/Main.java','CODE_ISSUE','MAJOR','架构分层合理，存在优化空间','引入合理分层与抽象，提炼可复用组件。',7.00,0.94,3,NOW());
INSERT INTO ai_analysis_detail (id,ai_analysis_id,dimension_id,agent_type,file_path,issue_type,severity,reason,suggestion,suggest_deduct,confidence,sort_order,create_time) VALUES (3000200218,3000120014,4,'DEEPSEEK','src/Main.java','CODE_ISSUE','MINOR','文档结构清晰、内容充分','补充 README、接口文档与设计说明。',5.00,0.82,4,NOW());
INSERT INTO ai_analysis_detail (id,ai_analysis_id,dimension_id,agent_type,file_path,issue_type,severity,reason,suggestion,suggest_deduct,confidence,sort_order,create_time) VALUES (3000200219,3000120014,5,'DEEPSEEK','src/Main.java','CODE_ISSUE','MINOR','分支与提交记录规范','规范提交信息，控制提交粒度，善用分支。',3.00,0.74,5,NOW());
INSERT INTO teacher_review (id,submission_id,reviewer_id,teacher_comment,status,review_time,publish_time,version,create_time) VALUES (3000320014,3000020014,2,'代码规范良好，安全性需注意，避免 SQL 拼接与明文密码。','PUBLISHED','2026-07-02 14:10:00','2026-07-02 15:10:00',0,NOW());
INSERT INTO score_record (id,submission_id,user_id,training_task_id,total_score,ai_total_score,teacher_comment,status,publish_time,version,create_time) VALUES (3000420014,3000020014,3000000014,2,69.00,65.00,NULL,'PUBLISHED','2026-07-02 15:10:00',0,NOW());
INSERT INTO submission (id,training_task_id,user_id,submit_type,summary,submit_count,submit_time,is_late,status,deleted,version,create_time) VALUES (3000020015,2,3000000015,'ZIP_UPLOAD','实训成果提交',1,'2026-07-01 16:45:00',0,'SUBMITTED',0,0,NOW());
INSERT INTO ai_analysis (id,submission_id,total_score,analysis_status,analysis_time_ms,model_provider,model_name,token_input,token_output,token_total,retry_count,raw_response,start_time,complete_time,version,create_time) VALUES (3000120015,3000020015,58.00,'COMPLETED',10070,'DEEPSEEK+QWEN','deepseek-chat',2691,1374,4065,0,JSON_OBJECT('seeded',true),'2026-07-01 16:45:00','2026-07-01 16:45:00',0,NOW());
INSERT INTO ai_analysis_detail (id,ai_analysis_id,dimension_id,agent_type,file_path,issue_type,severity,reason,suggestion,suggest_deduct,confidence,sort_order,create_time) VALUES (3000200220,3000120015,1,'DEEPSEEK','src/Main.java','CODE_ISSUE','MAJOR','存在魔法数字与超长方法','统一命名、补充注释、消除魔法数字。',11.00,0.87,1,NOW());
INSERT INTO ai_analysis_detail (id,ai_analysis_id,dimension_id,agent_type,file_path,issue_type,severity,reason,suggestion,suggest_deduct,confidence,sort_order,create_time) VALUES (3000200221,3000120015,2,'DEEPSEEK','src/Main.java','CODE_ISSUE','MAJOR','需求实现完整、演示正常','对照任务书补齐缺失功能并完善边界处理。',13.00,0.92,2,NOW());
INSERT INTO ai_analysis_detail (id,ai_analysis_id,dimension_id,agent_type,file_path,issue_type,severity,reason,suggestion,suggest_deduct,confidence,sort_order,create_time) VALUES (3000200222,3000120015,3,'DEEPSEEK','src/Main.java','CODE_ISSUE','MAJOR','架构分层合理，存在优化空间','引入合理分层与抽象，提炼可复用组件。',8.00,0.88,3,NOW());
INSERT INTO ai_analysis_detail (id,ai_analysis_id,dimension_id,agent_type,file_path,issue_type,severity,reason,suggestion,suggest_deduct,confidence,sort_order,create_time) VALUES (3000200223,3000120015,4,'DEEPSEEK','src/Main.java','CODE_ISSUE','MAJOR','README 不完整，缺接口文档','补充 README、接口文档与设计说明。',7.00,0.89,4,NOW());
INSERT INTO ai_analysis_detail (id,ai_analysis_id,dimension_id,agent_type,file_path,issue_type,severity,reason,suggestion,suggest_deduct,confidence,sort_order,create_time) VALUES (3000200224,3000120015,5,'DEEPSEEK','src/Main.java','CODE_ISSUE','MINOR','提交信息不规范、粒度过大','规范提交信息，控制提交粒度，善用分支。',3.00,0.76,5,NOW());
INSERT INTO teacher_review (id,submission_id,reviewer_id,teacher_comment,status,review_time,publish_time,version,create_time) VALUES (3000320015,3000020015,2,'需求实现存在遗漏，部分接口未联调，建议对照任务书自查。','PUBLISHED','2026-07-03 14:15:00','2026-07-03 15:15:00',0,NOW());
INSERT INTO score_record (id,submission_id,user_id,training_task_id,total_score,ai_total_score,teacher_comment,status,publish_time,version,create_time) VALUES (3000420015,3000020015,3000000015,2,63.00,58.00,NULL,'PUBLISHED','2026-07-03 15:15:00',0,NOW());
INSERT INTO submission (id,training_task_id,user_id,submit_type,summary,submit_count,submit_time,is_late,status,deleted,version,create_time) VALUES (3000020016,2,3000000016,'ZIP_UPLOAD','实训成果提交',1,'2026-07-02 09:52:00',0,'SUBMITTED',0,0,NOW());
INSERT INTO ai_analysis (id,submission_id,total_score,analysis_status,analysis_time_ms,model_provider,model_name,token_input,token_output,token_total,retry_count,raw_response,start_time,complete_time,version,create_time) VALUES (3000120016,3000020016,44.00,'COMPLETED',11956,'DEEPSEEK+QWEN','deepseek-chat',2355,1372,3727,0,JSON_OBJECT('seeded',true),'2026-07-02 09:52:00','2026-07-02 09:52:00',0,NOW());
INSERT INTO ai_analysis_detail (id,ai_analysis_id,dimension_id,agent_type,file_path,issue_type,severity,reason,suggestion,suggest_deduct,confidence,sort_order,create_time) VALUES (3000200225,3000120016,1,'DEEPSEEK','src/Main.java','CODE_ISSUE','MAJOR','命名不统一、缺少必要注释','统一命名、补充注释、消除魔法数字。',13.00,0.9,1,NOW());
INSERT INTO ai_analysis_detail (id,ai_analysis_id,dimension_id,agent_type,file_path,issue_type,severity,reason,suggestion,suggest_deduct,confidence,sort_order,create_time) VALUES (3000200226,3000120016,2,'DEEPSEEK','src/Main.java','CODE_ISSUE','MAJOR','核心流程已实现，边界场景缺失','对照任务书补齐缺失功能并完善边界处理。',16.00,0.8,2,NOW());
INSERT INTO ai_analysis_detail (id,ai_analysis_id,dimension_id,agent_type,file_path,issue_type,severity,reason,suggestion,suggest_deduct,confidence,sort_order,create_time) VALUES (3000200227,3000120016,3,'DEEPSEEK','src/Main.java','CODE_ISSUE','MAJOR','缺少设计亮点与抽象','引入合理分层与抽象，提炼可复用组件。',12.00,0.87,3,NOW());
INSERT INTO ai_analysis_detail (id,ai_analysis_id,dimension_id,agent_type,file_path,issue_type,severity,reason,suggestion,suggest_deduct,confidence,sort_order,create_time) VALUES (3000200228,3000120016,4,'DEEPSEEK','src/Main.java','CODE_ISSUE','MAJOR','文档结构清晰、内容充分','补充 README、接口文档与设计说明。',9.00,0.77,4,NOW());
INSERT INTO ai_analysis_detail (id,ai_analysis_id,dimension_id,agent_type,file_path,issue_type,severity,reason,suggestion,suggest_deduct,confidence,sort_order,create_time) VALUES (3000200229,3000120016,5,'DEEPSEEK','src/Main.java','CODE_ISSUE','MINOR','提交记录偏少','规范提交信息，控制提交粒度，善用分支。',6.00,0.89,5,NOW());
INSERT INTO teacher_review (id,submission_id,reviewer_id,teacher_comment,status,review_time,publish_time,version,create_time) VALUES (3000320016,3000020016,2,'设计有一定亮点，分层合理；Git 提交记录偏少，建议规范提交粒度。','PUBLISHED','2026-07-04 14:20:00','2026-07-04 15:20:00',0,NOW());
INSERT INTO score_record (id,submission_id,user_id,training_task_id,total_score,ai_total_score,teacher_comment,status,publish_time,version,create_time) VALUES (3000420016,3000020016,3000000016,2,45.00,44.00,NULL,'PUBLISHED','2026-07-04 15:20:00',0,NOW());
INSERT INTO submission (id,training_task_id,user_id,submit_type,summary,submit_count,submit_time,is_late,status,deleted,version,create_time) VALUES (3000020017,2,3000000017,'ZIP_UPLOAD','实训成果提交',1,'2026-07-03 10:59:00',0,'SUBMITTED',0,0,NOW());
INSERT INTO ai_analysis (id,submission_id,total_score,analysis_status,analysis_time_ms,model_provider,model_name,token_input,token_output,token_total,retry_count,raw_response,start_time,complete_time,version,create_time) VALUES (3000120017,3000020017,50.00,'COMPLETED',6799,'DEEPSEEK+QWEN','deepseek-chat',1974,1308,3282,0,JSON_OBJECT('seeded',true),'2026-07-03 10:59:00','2026-07-03 10:59:00',0,NOW());
INSERT INTO ai_analysis_detail (id,ai_analysis_id,dimension_id,agent_type,file_path,issue_type,severity,reason,suggestion,suggest_deduct,confidence,sort_order,create_time) VALUES (3000200230,3000120017,1,'DEEPSEEK','src/Main.java','CODE_ISSUE','MAJOR','风格良好，个别处可优化','统一命名、补充注释、消除魔法数字。',12.00,0.79,1,NOW());
INSERT INTO ai_analysis_detail (id,ai_analysis_id,dimension_id,agent_type,file_path,issue_type,severity,reason,suggestion,suggest_deduct,confidence,sort_order,create_time) VALUES (3000200231,3000120017,2,'DEEPSEEK','src/Main.java','CODE_ISSUE','MAJOR','部分功能未完成','对照任务书补齐缺失功能并完善边界处理。',16.00,0.76,2,NOW());
INSERT INTO ai_analysis_detail (id,ai_analysis_id,dimension_id,agent_type,file_path,issue_type,severity,reason,suggestion,suggest_deduct,confidence,sort_order,create_time) VALUES (3000200232,3000120017,3,'DEEPSEEK','src/Main.java','CODE_ISSUE','MAJOR','缺少设计亮点与抽象','引入合理分层与抽象，提炼可复用组件。',11.00,0.91,3,NOW());
INSERT INTO ai_analysis_detail (id,ai_analysis_id,dimension_id,agent_type,file_path,issue_type,severity,reason,suggestion,suggest_deduct,confidence,sort_order,create_time) VALUES (3000200233,3000120017,4,'DEEPSEEK','src/Main.java','CODE_ISSUE','MINOR','README 不完整，缺接口文档','补充 README、接口文档与设计说明。',6.00,0.81,4,NOW());
INSERT INTO ai_analysis_detail (id,ai_analysis_id,dimension_id,agent_type,file_path,issue_type,severity,reason,suggestion,suggest_deduct,confidence,sort_order,create_time) VALUES (3000200234,3000120017,5,'DEEPSEEK','src/Main.java','CODE_ISSUE','MINOR','分支与提交记录规范','规范提交信息，控制提交粒度，善用分支。',5.00,0.85,5,NOW());
INSERT INTO teacher_review (id,submission_id,reviewer_id,teacher_comment,status,review_time,publish_time,version,create_time) VALUES (3000320017,3000020017,2,'整体完成度不错，核心功能实现完整，建议加强异常处理与边界校验。','PUBLISHED','2026-07-05 14:25:00','2026-07-05 15:25:00',0,NOW());
INSERT INTO score_record (id,submission_id,user_id,training_task_id,total_score,ai_total_score,teacher_comment,status,publish_time,version,create_time) VALUES (3000420017,3000020017,3000000017,2,49.00,50.00,NULL,'PUBLISHED','2026-07-05 15:25:00',0,NOW());
INSERT INTO submission (id,training_task_id,user_id,submit_type,summary,submit_count,submit_time,is_late,status,deleted,version,create_time) VALUES (3000020018,2,3000000018,'ZIP_UPLOAD','实训成果提交',1,'2026-07-04 11:06:00',0,'SUBMITTED',0,0,NOW());
INSERT INTO ai_analysis (id,submission_id,total_score,analysis_status,analysis_time_ms,model_provider,model_name,token_input,token_output,token_total,retry_count,raw_response,start_time,complete_time,version,create_time) VALUES (3000120018,3000020018,61.00,'COMPLETED',12373,'DEEPSEEK+QWEN','deepseek-chat',1921,1153,3074,0,JSON_OBJECT('seeded',true),'2026-07-04 11:06:00','2026-07-04 11:06:00',0,NOW());
INSERT INTO ai_analysis_detail (id,ai_analysis_id,dimension_id,agent_type,file_path,issue_type,severity,reason,suggestion,suggest_deduct,confidence,sort_order,create_time) VALUES (3000200235,3000120018,1,'DEEPSEEK','src/Main.java','CODE_ISSUE','MAJOR','存在魔法数字与超长方法','统一命名、补充注释、消除魔法数字。',10.00,0.94,1,NOW());
INSERT INTO ai_analysis_detail (id,ai_analysis_id,dimension_id,agent_type,file_path,issue_type,severity,reason,suggestion,suggest_deduct,confidence,sort_order,create_time) VALUES (3000200236,3000120018,2,'DEEPSEEK','src/Main.java','CODE_ISSUE','MAJOR','需求实现完整、演示正常','对照任务书补齐缺失功能并完善边界处理。',11.00,0.9,2,NOW());
INSERT INTO ai_analysis_detail (id,ai_analysis_id,dimension_id,agent_type,file_path,issue_type,severity,reason,suggestion,suggest_deduct,confidence,sort_order,create_time) VALUES (3000200237,3000120018,3,'DEEPSEEK','src/Main.java','CODE_ISSUE','MAJOR','架构分层合理，存在优化空间','引入合理分层与抽象，提炼可复用组件。',9.00,0.76,3,NOW());
INSERT INTO ai_analysis_detail (id,ai_analysis_id,dimension_id,agent_type,file_path,issue_type,severity,reason,suggestion,suggest_deduct,confidence,sort_order,create_time) VALUES (3000200238,3000120018,4,'DEEPSEEK','src/Main.java','CODE_ISSUE','MINOR','缺少设计说明','补充 README、接口文档与设计说明。',5.00,0.9,4,NOW());
INSERT INTO ai_analysis_detail (id,ai_analysis_id,dimension_id,agent_type,file_path,issue_type,severity,reason,suggestion,suggest_deduct,confidence,sort_order,create_time) VALUES (3000200239,3000120018,5,'DEEPSEEK','src/Main.java','CODE_ISSUE','MINOR','提交信息不规范、粒度过大','规范提交信息，控制提交粒度，善用分支。',4.00,0.89,5,NOW());
INSERT INTO teacher_review (id,submission_id,reviewer_id,teacher_comment,status,review_time,publish_time,version,create_time) VALUES (3000320018,3000020018,2,'设计有一定亮点，分层合理；Git 提交记录偏少，建议规范提交粒度。','PUBLISHED','2026-07-06 14:30:00','2026-07-06 15:30:00',0,NOW());
INSERT INTO score_record (id,submission_id,user_id,training_task_id,total_score,ai_total_score,teacher_comment,status,publish_time,version,create_time) VALUES (3000420018,3000020018,3000000018,2,59.00,61.00,NULL,'PUBLISHED','2026-07-06 15:30:00',0,NOW());
INSERT INTO submission (id,training_task_id,user_id,submit_type,summary,submit_count,submit_time,is_late,status,deleted,version,create_time) VALUES (3000020019,2,3000000019,'ZIP_UPLOAD','实训成果提交',1,'2026-07-05 12:13:00',0,'SUBMITTED',0,0,NOW());
INSERT INTO ai_analysis (id,submission_id,total_score,analysis_status,analysis_time_ms,model_provider,model_name,token_input,token_output,token_total,retry_count,raw_response,start_time,complete_time,version,create_time) VALUES (3000120019,3000020019,66.00,'COMPLETED',6380,'DEEPSEEK+QWEN','deepseek-chat',3038,919,3957,0,JSON_OBJECT('seeded',true),'2026-07-05 12:13:00','2026-07-05 12:13:00',0,NOW());
INSERT INTO ai_analysis_detail (id,ai_analysis_id,dimension_id,agent_type,file_path,issue_type,severity,reason,suggestion,suggest_deduct,confidence,sort_order,create_time) VALUES (3000200240,3000120019,1,'DEEPSEEK','src/Main.java','CODE_ISSUE','MAJOR','存在魔法数字与超长方法','统一命名、补充注释、消除魔法数字。',8.00,0.87,1,NOW());
INSERT INTO ai_analysis_detail (id,ai_analysis_id,dimension_id,agent_type,file_path,issue_type,severity,reason,suggestion,suggest_deduct,confidence,sort_order,create_time) VALUES (3000200241,3000120019,2,'DEEPSEEK','src/Main.java','CODE_ISSUE','MAJOR','部分功能未完成','对照任务书补齐缺失功能并完善边界处理。',10.00,0.91,2,NOW());
INSERT INTO ai_analysis_detail (id,ai_analysis_id,dimension_id,agent_type,file_path,issue_type,severity,reason,suggestion,suggest_deduct,confidence,sort_order,create_time) VALUES (3000200242,3000120019,3,'DEEPSEEK','src/Main.java','CODE_ISSUE','MAJOR','缺少设计亮点与抽象','引入合理分层与抽象，提炼可复用组件。',7.00,0.88,3,NOW());
INSERT INTO ai_analysis_detail (id,ai_analysis_id,dimension_id,agent_type,file_path,issue_type,severity,reason,suggestion,suggest_deduct,confidence,sort_order,create_time) VALUES (3000200243,3000120019,4,'DEEPSEEK','src/Main.java','CODE_ISSUE','MINOR','文档结构清晰、内容充分','补充 README、接口文档与设计说明。',5.00,0.9,4,NOW());
INSERT INTO ai_analysis_detail (id,ai_analysis_id,dimension_id,agent_type,file_path,issue_type,severity,reason,suggestion,suggest_deduct,confidence,sort_order,create_time) VALUES (3000200244,3000120019,5,'DEEPSEEK','src/Main.java','CODE_ISSUE','MINOR','分支与提交记录规范','规范提交信息，控制提交粒度，善用分支。',4.00,0.93,5,NOW());
INSERT INTO teacher_review (id,submission_id,reviewer_id,teacher_comment,status,review_time,publish_time,version,create_time) VALUES (3000320019,3000020019,2,'完成质量较高，注释充分，可读性好，继续保持。','PUBLISHED','2026-07-07 14:35:00','2026-07-07 15:35:00',0,NOW());
INSERT INTO score_record (id,submission_id,user_id,training_task_id,total_score,ai_total_score,teacher_comment,status,publish_time,version,create_time) VALUES (3000420019,3000020019,3000000019,2,64.00,66.00,NULL,'PUBLISHED','2026-07-07 15:35:00',0,NOW());
INSERT INTO submission (id,training_task_id,user_id,submit_type,summary,submit_count,submit_time,is_late,status,deleted,version,create_time) VALUES (3000020020,2,3000000020,'ZIP_UPLOAD','实训成果提交',1,'2026-06-16 13:20:00',0,'SUBMITTED',0,0,NOW());
INSERT INTO ai_analysis (id,submission_id,total_score,analysis_status,analysis_time_ms,model_provider,model_name,token_input,token_output,token_total,retry_count,raw_response,start_time,complete_time,version,create_time) VALUES (3000120020,3000020020,57.00,'COMPLETED',7261,'DEEPSEEK+QWEN','deepseek-chat',2563,983,3546,0,JSON_OBJECT('seeded',true),'2026-06-16 13:20:00','2026-06-16 13:20:00',0,NOW());
INSERT INTO ai_analysis_detail (id,ai_analysis_id,dimension_id,agent_type,file_path,issue_type,severity,reason,suggestion,suggest_deduct,confidence,sort_order,create_time) VALUES (3000200245,3000120020,1,'DEEPSEEK','src/Main.java','CODE_ISSUE','MAJOR','风格良好，个别处可优化','统一命名、补充注释、消除魔法数字。',10.00,0.84,1,NOW());
INSERT INTO ai_analysis_detail (id,ai_analysis_id,dimension_id,agent_type,file_path,issue_type,severity,reason,suggestion,suggest_deduct,confidence,sort_order,create_time) VALUES (3000200246,3000120020,2,'DEEPSEEK','src/Main.java','CODE_ISSUE','MAJOR','核心流程已实现，边界场景缺失','对照任务书补齐缺失功能并完善边界处理。',14.00,0.74,2,NOW());
INSERT INTO ai_analysis_detail (id,ai_analysis_id,dimension_id,agent_type,file_path,issue_type,severity,reason,suggestion,suggest_deduct,confidence,sort_order,create_time) VALUES (3000200247,3000120020,3,'DEEPSEEK','src/Main.java','CODE_ISSUE','MAJOR','架构分层合理，存在优化空间','引入合理分层与抽象，提炼可复用组件。',10.00,0.91,3,NOW());
INSERT INTO ai_analysis_detail (id,ai_analysis_id,dimension_id,agent_type,file_path,issue_type,severity,reason,suggestion,suggest_deduct,confidence,sort_order,create_time) VALUES (3000200248,3000120020,4,'DEEPSEEK','src/Main.java','CODE_ISSUE','MINOR','缺少设计说明','补充 README、接口文档与设计说明。',5.00,0.85,4,NOW());
INSERT INTO ai_analysis_detail (id,ai_analysis_id,dimension_id,agent_type,file_path,issue_type,severity,reason,suggestion,suggest_deduct,confidence,sort_order,create_time) VALUES (3000200249,3000120020,5,'DEEPSEEK','src/Main.java','CODE_ISSUE','MINOR','提交信息不规范、粒度过大','规范提交信息，控制提交粒度，善用分支。',4.00,0.83,5,NOW());
INSERT INTO teacher_review (id,submission_id,reviewer_id,teacher_comment,status,review_time,publish_time,version,create_time) VALUES (3000320020,3000020020,2,'代码规范良好，安全性需注意，避免 SQL 拼接与明文密码。','PUBLISHED','2026-06-18 14:40:00','2026-06-18 15:40:00',0,NOW());
INSERT INTO score_record (id,submission_id,user_id,training_task_id,total_score,ai_total_score,teacher_comment,status,publish_time,version,create_time) VALUES (3000420020,3000020020,3000000020,2,59.00,57.00,NULL,'PUBLISHED','2026-06-18 15:40:00',0,NOW());
INSERT INTO submission (id,training_task_id,user_id,submit_type,summary,submit_count,submit_time,is_late,status,deleted,version,create_time) VALUES (3000020021,2,3000000021,'ZIP_UPLOAD','实训成果提交',1,'2026-06-17 14:27:00',0,'SUBMITTED',0,0,NOW());
INSERT INTO ai_analysis (id,submission_id,total_score,analysis_status,analysis_time_ms,model_provider,model_name,token_input,token_output,token_total,retry_count,raw_response,start_time,complete_time,version,create_time) VALUES (3000120021,3000020021,62.00,'COMPLETED',6813,'DEEPSEEK+QWEN','deepseek-chat',1925,1045,2970,0,JSON_OBJECT('seeded',true),'2026-06-17 14:27:00','2026-06-17 14:27:00',0,NOW());
INSERT INTO ai_analysis_detail (id,ai_analysis_id,dimension_id,agent_type,file_path,issue_type,severity,reason,suggestion,suggest_deduct,confidence,sort_order,create_time) VALUES (3000200250,3000120021,1,'DEEPSEEK','src/Main.java','CODE_ISSUE','MAJOR','存在魔法数字与超长方法','统一命名、补充注释、消除魔法数字。',11.00,0.82,1,NOW());
INSERT INTO ai_analysis_detail (id,ai_analysis_id,dimension_id,agent_type,file_path,issue_type,severity,reason,suggestion,suggest_deduct,confidence,sort_order,create_time) VALUES (3000200251,3000120021,2,'DEEPSEEK','src/Main.java','CODE_ISSUE','MAJOR','需求实现完整、演示正常','对照任务书补齐缺失功能并完善边界处理。',11.00,0.8,2,NOW());
INSERT INTO ai_analysis_detail (id,ai_analysis_id,dimension_id,agent_type,file_path,issue_type,severity,reason,suggestion,suggest_deduct,confidence,sort_order,create_time) VALUES (3000200252,3000120021,3,'DEEPSEEK','src/Main.java','CODE_ISSUE','MAJOR','架构分层合理，存在优化空间','引入合理分层与抽象，提炼可复用组件。',8.00,0.86,3,NOW());
INSERT INTO ai_analysis_detail (id,ai_analysis_id,dimension_id,agent_type,file_path,issue_type,severity,reason,suggestion,suggest_deduct,confidence,sort_order,create_time) VALUES (3000200253,3000120021,4,'DEEPSEEK','src/Main.java','CODE_ISSUE','MINOR','文档结构清晰、内容充分','补充 README、接口文档与设计说明。',5.00,0.78,4,NOW());
INSERT INTO ai_analysis_detail (id,ai_analysis_id,dimension_id,agent_type,file_path,issue_type,severity,reason,suggestion,suggest_deduct,confidence,sort_order,create_time) VALUES (3000200254,3000120021,5,'DEEPSEEK','src/Main.java','CODE_ISSUE','MINOR','分支与提交记录规范','规范提交信息，控制提交粒度，善用分支。',3.00,0.78,5,NOW());
INSERT INTO submission (id,training_task_id,user_id,submit_type,summary,submit_count,submit_time,is_late,status,deleted,version,create_time) VALUES (3000020022,2,3000000022,'ZIP_UPLOAD','实训成果提交',1,'2026-06-18 15:34:00',0,'SUBMITTED',0,0,NOW());
INSERT INTO ai_analysis (id,submission_id,total_score,analysis_status,analysis_time_ms,model_provider,model_name,token_input,token_output,token_total,retry_count,raw_response,start_time,complete_time,version,create_time) VALUES (3000120022,3000020022,78.00,'COMPLETED',7652,'DEEPSEEK+QWEN','deepseek-chat',3101,1235,4336,0,JSON_OBJECT('seeded',true),'2026-06-18 15:34:00','2026-06-18 15:34:00',0,NOW());
INSERT INTO ai_analysis_detail (id,ai_analysis_id,dimension_id,agent_type,file_path,issue_type,severity,reason,suggestion,suggest_deduct,confidence,sort_order,create_time) VALUES (3000200255,3000120022,1,'DEEPSEEK','src/Main.java','CODE_ISSUE','MINOR','风格良好，个别处可优化','统一命名、补充注释、消除魔法数字。',6.00,0.9,1,NOW());
INSERT INTO ai_analysis_detail (id,ai_analysis_id,dimension_id,agent_type,file_path,issue_type,severity,reason,suggestion,suggest_deduct,confidence,sort_order,create_time) VALUES (3000200256,3000120022,2,'DEEPSEEK','src/Main.java','CODE_ISSUE','MINOR','部分功能未完成','对照任务书补齐缺失功能并完善边界处理。',6.00,0.88,2,NOW());
INSERT INTO ai_analysis_detail (id,ai_analysis_id,dimension_id,agent_type,file_path,issue_type,severity,reason,suggestion,suggest_deduct,confidence,sort_order,create_time) VALUES (3000200257,3000120022,3,'DEEPSEEK','src/Main.java','CODE_ISSUE','MINOR','架构分层合理，存在优化空间','引入合理分层与抽象，提炼可复用组件。',5.00,0.9,3,NOW());
INSERT INTO ai_analysis_detail (id,ai_analysis_id,dimension_id,agent_type,file_path,issue_type,severity,reason,suggestion,suggest_deduct,confidence,sort_order,create_time) VALUES (3000200258,3000120022,4,'DEEPSEEK','src/Main.java','CODE_ISSUE','MINOR','缺少设计说明','补充 README、接口文档与设计说明。',3.00,0.83,4,NOW());
INSERT INTO ai_analysis_detail (id,ai_analysis_id,dimension_id,agent_type,file_path,issue_type,severity,reason,suggestion,suggest_deduct,confidence,sort_order,create_time) VALUES (3000200259,3000120022,5,'DEEPSEEK','src/Main.java','CODE_ISSUE','INFO','提交记录偏少','规范提交信息，控制提交粒度，善用分支。',2.00,0.89,5,NOW());
INSERT INTO submission (id,training_task_id,user_id,submit_type,summary,submit_count,submit_time,is_late,status,deleted,version,create_time) VALUES (3000020023,2,3000000023,'ZIP_UPLOAD','实训成果提交',1,'2026-06-19 16:41:00',0,'SUBMITTED',0,0,NOW());
INSERT INTO ai_analysis (id,submission_id,total_score,analysis_status,analysis_time_ms,model_provider,model_name,token_input,token_output,token_total,retry_count,raw_response,start_time,complete_time,version,create_time) VALUES (3000120023,3000020023,58.00,'COMPLETED',12820,'DEEPSEEK+QWEN','deepseek-chat',1984,1251,3235,0,JSON_OBJECT('seeded',true),'2026-06-19 16:41:00','2026-06-19 16:41:00',0,NOW());
INSERT INTO ai_analysis_detail (id,ai_analysis_id,dimension_id,agent_type,file_path,issue_type,severity,reason,suggestion,suggest_deduct,confidence,sort_order,create_time) VALUES (3000200260,3000120023,1,'DEEPSEEK','src/Main.java','CODE_ISSUE','MAJOR','风格良好，个别处可优化','统一命名、补充注释、消除魔法数字。',10.00,0.9,1,NOW());
INSERT INTO ai_analysis_detail (id,ai_analysis_id,dimension_id,agent_type,file_path,issue_type,severity,reason,suggestion,suggest_deduct,confidence,sort_order,create_time) VALUES (3000200261,3000120023,2,'DEEPSEEK','src/Main.java','CODE_ISSUE','MAJOR','需求实现完整、演示正常','对照任务书补齐缺失功能并完善边界处理。',13.00,0.93,2,NOW());
INSERT INTO ai_analysis_detail (id,ai_analysis_id,dimension_id,agent_type,file_path,issue_type,severity,reason,suggestion,suggest_deduct,confidence,sort_order,create_time) VALUES (3000200262,3000120023,3,'DEEPSEEK','src/Main.java','CODE_ISSUE','MAJOR','缺少设计亮点与抽象','引入合理分层与抽象，提炼可复用组件。',7.00,0.82,3,NOW());
INSERT INTO ai_analysis_detail (id,ai_analysis_id,dimension_id,agent_type,file_path,issue_type,severity,reason,suggestion,suggest_deduct,confidence,sort_order,create_time) VALUES (3000200263,3000120023,4,'DEEPSEEK','src/Main.java','CODE_ISSUE','MAJOR','缺少设计说明','补充 README、接口文档与设计说明。',8.00,0.78,4,NOW());
INSERT INTO ai_analysis_detail (id,ai_analysis_id,dimension_id,agent_type,file_path,issue_type,severity,reason,suggestion,suggest_deduct,confidence,sort_order,create_time) VALUES (3000200264,3000120023,5,'DEEPSEEK','src/Main.java','CODE_ISSUE','MINOR','提交信息不规范、粒度过大','规范提交信息，控制提交粒度，善用分支。',4.00,0.85,5,NOW());
INSERT INTO submission (id,training_task_id,user_id,submit_type,summary,submit_count,submit_time,is_late,status,deleted,version,create_time) VALUES (3000020024,2,3000000024,'ZIP_UPLOAD','实训成果提交',1,'2026-06-20 09:48:00',0,'SUBMITTED',0,0,NOW());
INSERT INTO ai_analysis (id,submission_id,total_score,analysis_status,analysis_time_ms,model_provider,model_name,token_input,token_output,token_total,retry_count,raw_response,start_time,complete_time,version,create_time) VALUES (3000120024,3000020024,50.00,'COMPLETED',11456,'DEEPSEEK+QWEN','deepseek-chat',2043,859,2902,0,JSON_OBJECT('seeded',true),'2026-06-20 09:48:00','2026-06-20 09:48:00',0,NOW());
INSERT INTO ai_analysis_detail (id,ai_analysis_id,dimension_id,agent_type,file_path,issue_type,severity,reason,suggestion,suggest_deduct,confidence,sort_order,create_time) VALUES (3000200265,3000120024,1,'DEEPSEEK','src/Main.java','CODE_ISSUE','MAJOR','风格良好，个别处可优化','统一命名、补充注释、消除魔法数字。',14.00,0.79,1,NOW());
INSERT INTO ai_analysis_detail (id,ai_analysis_id,dimension_id,agent_type,file_path,issue_type,severity,reason,suggestion,suggest_deduct,confidence,sort_order,create_time) VALUES (3000200266,3000120024,2,'DEEPSEEK','src/Main.java','CODE_ISSUE','MAJOR','需求实现完整、演示正常','对照任务书补齐缺失功能并完善边界处理。',15.00,0.72,2,NOW());
INSERT INTO ai_analysis_detail (id,ai_analysis_id,dimension_id,agent_type,file_path,issue_type,severity,reason,suggestion,suggest_deduct,confidence,sort_order,create_time) VALUES (3000200267,3000120024,3,'DEEPSEEK','src/Main.java','CODE_ISSUE','MAJOR','有一定创新点','引入合理分层与抽象，提炼可复用组件。',10.00,0.75,3,NOW());
INSERT INTO ai_analysis_detail (id,ai_analysis_id,dimension_id,agent_type,file_path,issue_type,severity,reason,suggestion,suggest_deduct,confidence,sort_order,create_time) VALUES (3000200268,3000120024,4,'DEEPSEEK','src/Main.java','CODE_ISSUE','MAJOR','文档结构清晰、内容充分','补充 README、接口文档与设计说明。',7.00,0.89,4,NOW());
INSERT INTO ai_analysis_detail (id,ai_analysis_id,dimension_id,agent_type,file_path,issue_type,severity,reason,suggestion,suggest_deduct,confidence,sort_order,create_time) VALUES (3000200269,3000120024,5,'DEEPSEEK','src/Main.java','CODE_ISSUE','MINOR','提交信息不规范、粒度过大','规范提交信息，控制提交粒度，善用分支。',4.00,0.76,5,NOW());
INSERT INTO submission (id,training_task_id,user_id,submit_type,summary,submit_count,submit_time,is_late,status,deleted,version,create_time) VALUES (3000020025,2,3000000025,'ZIP_UPLOAD','实训成果提交',1,'2026-06-21 10:55:00',0,'REVIEWED',0,0,NOW());
INSERT INTO ai_analysis (id,submission_id,total_score,analysis_status,analysis_time_ms,model_provider,model_name,token_input,token_output,token_total,retry_count,raw_response,start_time,complete_time,version,create_time) VALUES (3000120025,3000020025,65.00,'COMPLETED',10237,'DEEPSEEK+QWEN','deepseek-chat',2842,827,3669,0,JSON_OBJECT('seeded',true),'2026-06-21 10:55:00','2026-06-21 10:55:00',0,NOW());
INSERT INTO ai_analysis_detail (id,ai_analysis_id,dimension_id,agent_type,file_path,issue_type,severity,reason,suggestion,suggest_deduct,confidence,sort_order,create_time) VALUES (3000200270,3000120025,1,'DEEPSEEK','src/Main.java','CODE_ISSUE','MAJOR','存在魔法数字与超长方法','统一命名、补充注释、消除魔法数字。',10.00,0.82,1,NOW());
INSERT INTO ai_analysis_detail (id,ai_analysis_id,dimension_id,agent_type,file_path,issue_type,severity,reason,suggestion,suggest_deduct,confidence,sort_order,create_time) VALUES (3000200271,3000120025,2,'DEEPSEEK','src/Main.java','CODE_ISSUE','MAJOR','部分功能未完成','对照任务书补齐缺失功能并完善边界处理。',10.00,0.88,2,NOW());
INSERT INTO ai_analysis_detail (id,ai_analysis_id,dimension_id,agent_type,file_path,issue_type,severity,reason,suggestion,suggest_deduct,confidence,sort_order,create_time) VALUES (3000200272,3000120025,3,'DEEPSEEK','src/Main.java','CODE_ISSUE','MAJOR','架构分层合理，存在优化空间','引入合理分层与抽象，提炼可复用组件。',7.00,0.9,3,NOW());
INSERT INTO ai_analysis_detail (id,ai_analysis_id,dimension_id,agent_type,file_path,issue_type,severity,reason,suggestion,suggest_deduct,confidence,sort_order,create_time) VALUES (3000200273,3000120025,4,'DEEPSEEK','src/Main.java','CODE_ISSUE','MINOR','README 不完整，缺接口文档','补充 README、接口文档与设计说明。',6.00,0.93,4,NOW());
INSERT INTO ai_analysis_detail (id,ai_analysis_id,dimension_id,agent_type,file_path,issue_type,severity,reason,suggestion,suggest_deduct,confidence,sort_order,create_time) VALUES (3000200274,3000120025,5,'DEEPSEEK','src/Main.java','CODE_ISSUE','INFO','提交信息不规范、粒度过大','规范提交信息，控制提交粒度，善用分支。',2.00,0.78,5,NOW());
INSERT INTO teacher_review (id,submission_id,reviewer_id,teacher_comment,status,review_time,publish_time,version,create_time) VALUES (3000320025,3000020025,2,'需求实现存在遗漏，部分接口未联调，建议对照任务书自查。','PUBLISHED','2026-06-23 14:05:00','2026-06-23 15:05:00',0,NOW());
INSERT INTO score_record (id,submission_id,user_id,training_task_id,total_score,ai_total_score,teacher_comment,status,publish_time,version,create_time) VALUES (3000420025,3000020025,3000000025,2,64.00,65.00,NULL,'PUBLISHED','2026-06-23 15:05:00',0,NOW());
INSERT INTO submission (id,training_task_id,user_id,submit_type,summary,submit_count,submit_time,is_late,status,deleted,version,create_time) VALUES (3000020026,2,3000000026,'ZIP_UPLOAD','实训成果提交',1,'2026-06-22 11:02:00',0,'REVIEWED',0,0,NOW());
INSERT INTO ai_analysis (id,submission_id,total_score,analysis_status,analysis_time_ms,model_provider,model_name,token_input,token_output,token_total,retry_count,raw_response,start_time,complete_time,version,create_time) VALUES (3000120026,3000020026,52.00,'COMPLETED',8221,'DEEPSEEK+QWEN','deepseek-chat',2676,1304,3980,0,JSON_OBJECT('seeded',true),'2026-06-22 11:02:00','2026-06-22 11:02:00',0,NOW());
INSERT INTO ai_analysis_detail (id,ai_analysis_id,dimension_id,agent_type,file_path,issue_type,severity,reason,suggestion,suggest_deduct,confidence,sort_order,create_time) VALUES (3000200275,3000120026,1,'DEEPSEEK','src/Main.java','CODE_ISSUE','MAJOR','存在魔法数字与超长方法','统一命名、补充注释、消除魔法数字。',13.00,0.88,1,NOW());
INSERT INTO ai_analysis_detail (id,ai_analysis_id,dimension_id,agent_type,file_path,issue_type,severity,reason,suggestion,suggest_deduct,confidence,sort_order,create_time) VALUES (3000200276,3000120026,2,'DEEPSEEK','src/Main.java','CODE_ISSUE','MAJOR','需求实现完整、演示正常','对照任务书补齐缺失功能并完善边界处理。',13.00,0.88,2,NOW());
INSERT INTO ai_analysis_detail (id,ai_analysis_id,dimension_id,agent_type,file_path,issue_type,severity,reason,suggestion,suggest_deduct,confidence,sort_order,create_time) VALUES (3000200277,3000120026,3,'DEEPSEEK','src/Main.java','CODE_ISSUE','MAJOR','缺少设计亮点与抽象','引入合理分层与抽象，提炼可复用组件。',10.00,0.78,3,NOW());
INSERT INTO ai_analysis_detail (id,ai_analysis_id,dimension_id,agent_type,file_path,issue_type,severity,reason,suggestion,suggest_deduct,confidence,sort_order,create_time) VALUES (3000200278,3000120026,4,'DEEPSEEK','src/Main.java','CODE_ISSUE','MINOR','文档结构清晰、内容充分','补充 README、接口文档与设计说明。',6.00,0.92,4,NOW());
INSERT INTO ai_analysis_detail (id,ai_analysis_id,dimension_id,agent_type,file_path,issue_type,severity,reason,suggestion,suggest_deduct,confidence,sort_order,create_time) VALUES (3000200279,3000120026,5,'DEEPSEEK','src/Main.java','CODE_ISSUE','MINOR','提交记录偏少','规范提交信息，控制提交粒度，善用分支。',6.00,0.77,5,NOW());
INSERT INTO teacher_review (id,submission_id,reviewer_id,teacher_comment,status,review_time,publish_time,version,create_time) VALUES (3000320026,3000020026,2,'代码结构清晰，命名规范到位；文档略显单薄，可补充接口说明。','PUBLISHED','2026-06-24 14:10:00','2026-06-24 15:10:00',0,NOW());
INSERT INTO score_record (id,submission_id,user_id,training_task_id,total_score,ai_total_score,teacher_comment,status,publish_time,version,create_time) VALUES (3000420026,3000020026,3000000026,2,53.00,52.00,NULL,'PUBLISHED','2026-06-24 15:10:00',0,NOW());

COMMIT;

-- ============================================================
-- ROLLBACK（如需清除本 seed，执行下列语句）
-- START TRANSACTION;
-- DELETE FROM ai_analysis_detail WHERE id BETWEEN 3000000000 AND 3000999999;
-- DELETE FROM score_record WHERE id BETWEEN 3000000000 AND 3000999999;
-- DELETE FROM teacher_review WHERE id BETWEEN 3000000000 AND 3000999999;
-- DELETE FROM ai_analysis WHERE id BETWEEN 3000000000 AND 3000999999;
-- DELETE FROM submission WHERE id BETWEEN 3000000000 AND 3000999999;
-- DELETE FROM course_student WHERE id BETWEEN 3000000000 AND 3000999999;
-- DELETE FROM user_role WHERE id BETWEEN 3000000000 AND 3000999999;
-- DELETE FROM user WHERE id BETWEEN 3000000000 AND 3000999999;
-- COMMIT;
-- ============================================================
